ダウンロードした時刻：2026/08/31 12:20:22,,,,,,,,,,,,,,,,,,,,,,,,,,,,,,,,,,,,,,,,,,,,,,,,,,,,,,,,,,,,,,,
,,,,,,,,,,,,,,,,,,,,,,,,,,,,,,,,,,,,,,,,,,,,,,,,,,,,,,,,,,,,,,,
,東京,東京,東京,東京,東京,東京,東京,東京,東京,さいたま,さいたま,さいたま,さいたま,さいたま,さいたま,さいたま,さいたま,さいたま,宇都宮,宇都宮,宇都宮,宇都宮,宇都宮,宇都宮,宇都宮,宇都宮,宇都宮,前橋,前橋,前橋,前橋,前橋,前橋,前橋,前橋,前橋,水戸,水戸,水戸,水戸,水戸,水戸,水戸,水戸,水戸,千葉,千葉,千葉,千葉,千葉,千葉,千葉,千葉,千葉,横浜,横浜,横浜,横浜,横浜,横浜,横浜,横浜,横浜
年月日,最高気温(℃),最高気温(℃),最高気温(℃),最低気温(℃),最低気温(℃),最低気温(℃),平均気温(℃),平均気温(℃),平均気温(℃),最高気温(℃),最高気温(℃),最高気温(℃),最低気温(℃),最低気温(℃),最低気温(℃),平均気温(℃),平均気温(℃),平均気温(℃),最高気温(℃),最高気温(℃),最高気温(℃),最低気温(℃),最低気温(℃),最低気温(℃),平均気温(℃),平均気温(℃),平均気温(℃),最高気温(℃),最高気温(℃),最高気温(℃),最低気温(℃),最低気温(℃),最低気温(℃),平均気温(℃),平均気温(℃),平均気温(℃),最高気温(℃),最高気温(℃),最高気温(℃),最低気温(℃),最低気温(℃),最低気温(℃),平均気温(℃),平均気温(℃),平均気温(℃),最高気温(℃),最高気温(℃),最高気温(℃),最低気温(℃),最低気温(℃),最低気温(℃),平均気温(℃),平均気温(℃),平均気温(℃),最高気温(℃),最高気温(℃),最高気温(℃),最低気温(℃),最低気温(℃),最低気温(℃),平均気温(℃),平均気温(℃),平均気温(℃)
,,,,,,,,,,,,,,,,,,,,,,,,,,,,,,,,,,,,,,,,,,,,,,,,,,,,,,,,,,,,,,,
,,品質情報,均質番号,,品質情報,均質番号,,品質情報,均質番号,,品質情報,均質番号,,品質情報,均質番号,,品質情報,均質番号,,品質情報,均質番号,,品質情報,均質番号,,品質情報,均質番号,,品質情報,均質番号,,品質情報,均質番号,,品質情報,均質番号,,品質情報,均質番号,,品質情報,均質番号,,品質情報,均質番号,,品質情報,均質番号,,品質情報,均質番号,,品質情報,均質番号,,品質情報,均質番号,,品質情報,均質番号,,品質情報,均質番号
2025/8/30,38.5,8,1,26.7,8,1,31.6,8,1,38.5,8,1,25.3,8,1,31.4,8,1,36.5,8,1,24.9,8,1,30.4,8,1,38.6,8,1,25.8,8,1,31.7,8,1,36.1,8,1,24,8,1,29.5,8,1,37.3,8,1,27.4,8,1,31,8,1,36.5,8,1,27.3,8,1,30.6,8,1
2025/8/31,36.8,8,1,27.3,8,1,30.9,8,1,37,8,1,26.6,8,1,31,8,1,35.7,8,1,26.8,8,1,30.1,8,1,36.7,8,1,26.3,8,1,31.3,8,1,32.7,8,1,25.4,8,1,28.7,8,1,36.8,8,1,27.4,8,1,30.9,8,1,36.4,8,1,27.4,8,1,30.4,8,1
2025/9/1,36.4,8,1,27.1,8,1,30.4,8,1,37,8,1,26.8,8,1,31,8,1,35.7,8,1,26,8,1,29.8,8,1,37.5,8,1,26.5,8,1,31.4,8,1,35.6,8,1,26.7,8,1,30.5,8,1,35.7,8,1,27.7,8,1,30.6,8,1,35.6,8,1,27.2,8,1,30.1,8,1
2025/9/2,37,8,1,27.4,8,1,31.2,8,1,37,8,1,25.6,8,1,31.1,8,1,36.5,8,1,23.4,8,1,29.5,8,1,38.4,8,1,24,8,1,30.3,8,1,36.9,8,1,24.6,8,1,30.4,8,1,35.1,8,1,28.6,8,1,31.1,8,1,34.9,8,1,27.6,8,1,30.4,8,1
2025/9/3,37,8,1,25.5,8,1,30.3,8,1,36.3,8,1,24.4,8,1,29.7,8,1,35.3,8,1,23,8,1,27.6,8,1,36.7,8,1,24,8,1,29.5,8,1,33.6,8,1,23.9,8,1,28.5,8,1,33.9,8,1,28.3,8,1,30.4,8,1,35.2,8,1,27.8,8,1,30.2,8,1
2025/9/4,28.7,8,1,25.1,8,1,26.8,8,1,27.9,8,1,24.1,8,1,25.9,8,1,29.6,8,1,24.8,8,1,26.8,8,1,30,8,1,24.6,8,1,26.7,8,1,29.1,8,1,25.1,8,1,26.3,8,1,30.8,8,1,26.6,8,1,27.9,8,1,28.5,8,1,25.6,8,1,26.8,8,1
2025/9/5,26.7,8,1,23.3,8,1,24.7,8,1,25.3,8,1,23.1,8,1,24.5,8,1,25.4,8,1,22.9,8,1,24.2,8,1,28.7,8,1,23,8,1,25.2,8,1,25.8,8,1,22.8,8,1,24.3,8,1,27.4,8,1,24.5,8,1,25.8,8,1,26.2,8,1,23.8,8,1,24.9,8,1
2025/9/6,32.5,8,1,22,8,1,27.1,8,1,33.7,8,1,21.4,8,1,27.2,8,1,31.8,8,1,21,8,1,25.9,8,1,33.6,8,1,21.5,8,1,27.7,8,1,29.9,8,1,21.3,8,1,25,8,1,32.7,8,1,23.6,8,1,27.2,8,1,32.1,8,1,23.8,8,1,26.8,8,1
2025/9/7,31.7,8,1,24.8,8,1,27.4,8,1,33.3,8,1,22.5,8,1,28,8,1,32.5,8,1,22.3,8,1,27,8,1,33.3,8,1,23,8,1,28.2,8,1,33.2,8,1,21.2,8,1,27.2,8,1,31.6,8,1,25.2,8,1,28.1,8,1,31.5,8,1,24.5,8,1,27.6,8,1
2025/9/8,35,8,1,24.8,8,1,29.6,8,1,36,8,1,24,8,1,29.1,8,1,34,8,1,24.6,8,1,28.2,8,1,35.3,8,1,24.6,8,1,29.2,8,1,32.8,8,1,23.2,8,1,27.5,8,1,33.8,8,1,25.7,8,1,29.3,8,1,34.6,8,1,25.4,8,1,29.2,8,1
2025/9/9,33.4,8,1,27,8,1,29.3,8,1,34.6,8,1,25.8,8,1,29.5,8,1,33.8,8,1,25.6,8,1,28.6,8,1,34.9,8,1,25.7,8,1,29.8,8,1,31,8,1,25.4,8,1,27.2,8,1,33.6,8,1,27.1,8,1,29.8,8,1,33.3,8,1,26.9,8,1,29.3,8,1
2025/9/10,31.6,8,1,26.5,8,1,28.3,8,1,32.8,8,1,25.9,8,1,28.3,8,1,30.7,8,1,24.6,8,1,26.7,8,1,33.9,8,1,24.5,8,1,28.2,8,1,26.5,8,1,24.5,8,1,25.3,8,1,33.3,8,1,27.2,8,1,28.8,8,1,33.6,8,1,26.8,8,1,29.4,8,1
2025/9/11,34.4,8,1,23.7,8,1,27.2,8,1,32.4,8,1,23.2,8,1,26.6,8,1,29.7,8,1,22.8,8,1,25.2,8,1,30.9,8,1,22.9,8,1,25.8,8,1,28.5,8,1,23.5,8,1,25.2,8,1,32.2,8,1,24.1,8,1,27.7,8,1,33.2,8,1,21.9,8,1,27.2,8,1
2025/9/12,27.6,8,1,22.7,8,1,24.7,8,1,27.1,8,1,23.2,8,1,24.7,8,1,26.1,8,1,22.6,8,1,24.1,8,1,25.7,8,1,22.4,8,1,23.6,8,1,27.4,8,1,22.3,8,1,24.7,8,1,28.8,8,1,23.5,8,1,25,8,1,29,8,1,23.4,8,1,25.4,8,1
2025/9/13,30.2,8,1,23.2,8,1,26.3,8,1,29.7,8,1,23,8,1,25.3,8,1,25,8,1,21.9,8,1,23.4,8,1,25.3,8,1,21.9,8,1,23.4,8,1,29.1,8,1,22.5,8,1,26,8,1,30.6,8,1,23.9,8,1,27.1,8,1,28.4,8,1,23.3,8,1,26,8,1
2025/9/14,32.1,8,1,26.6,8,1,28.6,8,1,32.3,8,1,23.6,8,1,27.4,8,1,31.5,8,1,23.3,8,1,26.7,8,1,32.6,8,1,23.2,8,1,27.2,8,1,32.3,8,1,24.7,8,1,27.4,8,1,31.4,8,1,26.8,8,1,29.1,8,1,32.9,8,1,26.9,8,1,29.2,8,1
2025/9/15,30.5,8,1,25.3,8,1,27.4,8,1,30.4,8,1,25.3,8,1,27.8,8,1,29.5,8,1,23.2,8,1,26.1,8,1,31.2,8,1,25.3,8,1,27.5,8,1,29.2,8,1,23.4,8,1,25.9,8,1,29.8,8,1,25.3,8,1,27.5,8,1,29.3,8,1,26.2,8,1,27.6,8,1
2025/9/16,33.3,8,1,26,8,1,28.5,8,1,33.8,8,1,24.7,8,1,28.3,8,1,33.3,8,1,22.7,8,1,27.9,8,1,33.6,8,1,23.4,8,1,28.3,8,1,32.1,8,1,22.5,8,1,27.2,8,1,32.1,8,1,26.2,8,1,28.6,8,1,33,8,1,26.4,8,1,28.5,8,1
2025/9/17,34.3,8,1,25.2,8,1,29.2,8,1,35.7,8,1,25,8,1,29.9,8,1,34.2,8,1,24.6,8,1,28.5,8,1,36,8,1,24.5,8,1,29.5,8,1,34.5,8,1,23.9,8,1,28.4,8,1,32.9,8,1,26.7,8,1,29.5,8,1,33.5,8,1,26.2,8,1,29.3,8,1
2025/9/18,34.1,8,1,23.4,8,1,28.3,8,1,35.6,8,1,24.1,8,1,27.5,8,1,32.4,8,1,20.8,8,1,25.8,8,1,35,8,1,21.7,8,1,27.6,8,1,33.6,8,1,22.9,8,1,26.1,8,1,32.2,8,1,22.6,8,1,28.3,8,1,31.8,8,1,22.6,8,1,28.3,8,1
2025/9/19,26.3,8,1,18.6,8,1,22.4,8,1,25.3,8,1,19.1,8,1,22.4,8,1,26.3,8,1,18.8,8,1,21.8,8,1,25,8,1,18.2,8,1,21.5,8,1,26.2,8,1,19.1,8,1,22.1,8,1,26.3,8,1,19.7,8,1,22.8,8,1,26.5,8,1,19.8,8,1,23,8,1
2025/9/20,27.2,8,1,20.6,8,1,23.8,8,1,24.6,8,1,20,8,1,21.6,8,1,22.5,8,1,19.5,8,1,21,8,1,22.8,8,1,18.9,8,1,20.7,8,1,26.7,8,1,20.5,8,1,23.2,8,1,29,8,1,21.2,8,1,25.5,8,1,27.3,8,1,20.9,8,1,24.2,8,1
2025/9/21,31.1,8,1,18.6,8,1,25.7,8,1,30.5,8,1,19.8,8,1,24.5,8,1,30.2,8,1,19.6,8,1,24,8,1,29.2,8,1,18.3,8,1,23.6,8,1,31.5,8,1,20.8,8,1,24.8,8,1,31.2,8,1,22.9,8,1,26.8,8,1,31.7,8,1,19.6,8,1,26.5,8,1
2025/9/22,26.8,8,1,18.1,8,1,21.9,8,1,27,8,1,18.2,8,1,22.1,8,1,26.1,8,1,16,8,1,20.7,8,1,27.2,8,1,16.5,8,1,21.5,8,1,25.1,8,1,16.1,8,1,20.7,8,1,26.3,8,1,20,8,1,22.8,8,1,26.4,8,1,20.2,8,1,22.9,8,1
2025/9/23,26.2,8,1,18.8,8,1,22,8,1,25.6,8,1,18.1,8,1,21.7,8,1,24.6,8,1,17,8,1,20.2,8,1,24.9,8,1,17.4,8,1,20.9,8,1,24.5,8,1,14.9,8,1,19.3,8,1,25.8,8,1,18.9,8,1,21.9,8,1,26.3,8,1,19.9,8,1,22.6,8,1
2025/9/24,27.5,8,1,17.9,8,1,22.5,8,1,27.3,8,1,16,8,1,21.9,8,1,26,8,1,15.2,8,1,20.5,8,1,24.3,8,1,15.5,8,1,20.6,8,1,25.5,8,1,14.1,8,1,19.5,8,1,27.7,8,1,18.3,8,1,22.5,8,1,27,8,1,18.9,8,1,22.7,8,1
2025/9/25,28.9,8,1,19,8,1,23.8,8,1,29.6,8,1,17.8,8,1,23.9,8,1,27.9,8,1,17.4,8,1,22.8,8,1,27.5,5,1,18.3,5,1,23.1,8,1,29.4,8,1,16.6,8,1,23.2,8,1,28,8,1,19.6,8,1,24,8,1,28.1,8,1,20.3,8,1,24,8,1
2025/9/26,31.7,8,1,21.4,8,1,26.3,8,1,32.1,8,1,20.1,8,1,26.2,8,1,30.8,8,1,19.9,8,1,24.8,8,1,31.8,8,1,21.5,8,1,26.2,8,1,29.5,8,1,19.5,8,1,24.2,8,1,31.8,8,1,22.8,8,1,26.4,8,1,31,8,1,22.1,8,1,26.1,8,1
2025/9/27,28.1,8,1,22,8,1,24.6,8,1,29.7,8,1,22.4,8,1,25.5,8,1,28.9,8,1,21.1,8,1,24.3,8,1,30.9,8,1,20.9,8,1,25.3,8,1,28.7,8,1,20.2,8,1,23.5,8,1,28.6,8,1,22.7,8,1,25,8,1,27.6,8,1,23,8,1,24.9,8,1
2025/9/28,28.8,8,1,20.3,8,1,24.8,8,1,29.2,8,1,20,8,1,24.8,8,1,28.2,8,1,19.9,8,1,23.9,8,1,28,8,1,20.7,8,1,23.7,8,1,28.7,8,1,18.8,8,1,23.6,8,1,28.8,8,1,21.5,8,1,25,8,1,28.7,8,1,22.4,8,1,25.1,8,1
2025/9/29,30.9,8,1,23.8,8,1,27,8,1,32.8,8,1,21.9,8,1,26.7,8,1,31.4,8,1,20.8,8,1,25.3,8,1,32.8,8,1,22,8,1,25.7,8,1,30.9,8,1,22.2,8,1,26,8,1,30.5,8,1,20.9,8,1,26.5,8,1,30.8,8,1,22.6,8,1,26.9,8,1
2025/9/30,28.4,8,1,22.3,8,1,24.3,8,1,28.2,8,1,22.6,8,1,24.6,8,1,28,8,1,19.5,8,1,22.8,8,1,27.8,8,1,18.7,8,1,22.9,8,1,26.4,8,1,18.9,8,1,22.2,8,1,27.4,8,1,21.8,8,1,23.7,8,1,27.2,8,1,22,8,1,23.9,8,1
2025/10/1,23.6,8,1,18.3,8,1,20.5,8,1,23.5,8,1,18.2,8,1,20.4,8,1,21.5,8,1,16.6,8,1,19.5,8,1,22.1,8,1,18,8,1,20.3,8,1,20.6,8,1,17.4,8,1,19.3,8,1,23.7,8,1,19.5,8,1,21.4,8,1,23.5,8,1,19.3,8,1,20.8,8,1
2025/10/2,27.5,8,1,17.3,8,1,22,8,1,28.3,8,1,15.8,8,1,21.6,8,1,27.2,8,1,16.5,8,1,20.9,8,1,29,8,1,16.1,8,1,22,8,1,27.7,8,1,15.6,8,1,20.5,8,1,27,8,1,18.5,8,1,22.4,8,1,26.8,5,1,18.4,5,1,22.1,5,1
2025/10/3,26.3,8,1,19.3,8,1,22.8,8,1,25.5,8,1,17.1,8,1,21.7,8,1,25.5,8,1,15.8,8,1,20.9,8,1,25.8,8,1,16.8,8,1,21.3,8,1,25.7,8,1,15.4,8,1,20.2,8,1,26.4,8,1,20.2,8,1,23.1,8,1,25.4,8,1,20,8,1,22.9,8,1
2025/10/4,25.1,8,1,20.3,8,1,21.4,8,1,23.9,8,1,19.1,8,1,20.8,8,1,24.3,8,1,17.7,8,1,20,8,1,22.4,8,1,18.9,8,1,19.9,8,1,26.1,8,1,16.8,8,1,20.9,8,1,25.6,8,1,20.7,8,1,22.7,8,1,24.7,8,1,20.9,8,1,21.9,8,1
2025/10/5,28.8,8,1,19.3,8,1,23.7,8,1,28,8,1,19.3,8,1,23.4,8,1,27.1,8,1,19.1,8,1,22.2,8,1,26.9,8,1,19.1,8,1,22.1,8,1,29,8,1,19.5,8,1,23.6,8,1,28.3,8,1,20.8,8,1,24.8,8,1,28.5,8,1,20.4,8,1,24.1,8,1
2025/10/6,29.3,8,1,21.7,8,1,24.3,8,1,28.7,8,1,21.3,8,1,23.7,8,1,29,8,1,19.4,8,1,22.6,8,1,29.9,8,1,20.5,8,1,24.2,8,1,26.8,8,1,19.7,8,1,22.6,8,1,29.7,8,1,22.2,8,1,24.7,8,1,30.1,8,1,22.2,8,1,24.6,8,1
2025/10/7,25,8,1,20,8,1,21.8,8,1,24.3,8,1,19.6,8,1,21.3,8,1,21.9,8,1,18.1,8,1,19.5,8,1,23.1,8,1,18.2,8,1,20.1,8,1,24.7,8,1,18.3,8,1,20.5,8,1,26.5,8,1,20.4,8,1,22.8,8,1,25.6,8,1,20.8,8,1,22.2,8,1
2025/10/8,28.4,8,1,19.6,8,1,23.7,8,1,28.6,8,1,18.5,8,1,23.6,8,1,28.2,8,1,18,8,1,23,8,1,29.2,8,1,18.8,8,1,23.7,8,1,28.9,8,1,17.4,8,1,22.4,8,1,28.5,8,1,19.7,8,1,23.8,8,1,27.1,8,1,19.8,8,1,23.7,8,1
2025/10/9,24.6,8,1,17.7,8,1,21.3,8,1,23.6,8,1,17.5,8,1,21.1,8,1,22.4,8,1,15.2,8,1,19.8,8,1,24,8,1,16.4,8,1,20.6,8,1,22.6,8,1,13.4,8,1,19.5,8,1,23.8,8,1,17.7,8,1,21.2,8,1,25.1,8,1,18.9,8,1,21.7,8,1
2025/10/10,24.7,8,1,17.2,8,1,20.2,8,1,23.9,8,1,15.9,8,1,20.2,8,1,23.7,8,1,13,8,1,18.5,8,1,24.2,8,1,15.1,8,1,19.4,8,1,22.7,8,1,12.4,8,1,17.8,8,1,24.3,8,1,16.9,8,1,20.1,8,1,23.7,8,1,18.2,8,1,20.7,8,1
2025/10/11,20.5,8,1,15.9,8,1,17.6,8,1,20.6,8,1,15.7,8,1,17.4,8,1,18,8,1,14.8,8,1,15.9,8,1,18.9,8,1,15.6,8,1,16.8,8,1,18,8,1,15.1,8,1,16.1,8,1,20.4,8,1,16.4,8,1,18,8,1,21.2,8,1,16.2,8,1,17.9,8,1
2025/10/12,23.8,8,1,15.9,8,1,19.9,8,1,24.6,8,1,15.8,8,1,19.9,8,1,24,8,1,14.4,8,1,18.7,8,1,23,8,1,14.5,8,1,18.7,8,1,21.5,8,1,15.3,8,1,18.2,8,1,22.9,8,1,16.3,8,1,20,8,1,22.7,8,1,16.2,8,1,20,8,1
2025/10/13,25.2,8,1,18.7,8,1,21.4,8,1,26.4,8,1,18.1,8,1,21.2,8,1,26.6,8,1,16.6,8,1,20.8,8,1,29.4,8,1,17.2,8,1,22.1,8,1,23.3,8,1,17,8,1,19.4,8,1,23,8,1,19.3,8,1,21,8,1,24.4,8,1,19.8,8,1,21.6,8,1
2025/10/14,21.3,8,1,15.7,8,1,18.9,8,1,20.9,8,1,15.9,8,1,18.4,8,1,18.9,8,1,14.3,8,1,16.4,8,1,20,8,1,14.7,8,1,17,8,1,20.5,8,1,14.4,8,1,17.2,8,1,21.2,8,1,16.2,8,1,18.6,8,1,21,8,1,17.1,8,1,19.4,8,1
2025/10/15,20.3,8,1,15.2,8,1,17.5,8,1,20.9,8,1,15.2,8,1,17.9,8,1,22.2,8,1,14.8,8,1,17.7,8,1,22.8,8,1,15.1,8,1,18.6,8,1,20.7,8,1,15.2,8,1,17.4,8,1,19.5,8,1,15.8,8,1,17.7,8,1,20.8,8,1,15.7,8,1,17.6,8,1
2025/10/16,20.7,8,1,15.8,8,1,18.1,8,1,20.3,8,1,16,8,1,17.9,8,1,18,8,1,15.9,8,1,17.3,8,1,18.9,8,1,16.7,8,1,17.9,8,1,21.9,8,1,15.4,8,1,18.1,8,1,20.6,8,1,16.4,8,1,18.6,8,1,20.6,8,1,16.3,8,1,18.3,8,1
2025/10/17,25.1,8,1,16.3,8,1,19.8,8,1,26,8,1,14.7,8,1,20.2,8,1,24.5,8,1,14.6,8,1,19.1,8,1,27.5,8,1,17.9,8,1,21.3,8,1,22.2,8,1,13.7,8,1,18.2,8,1,23.9,8,1,17.2,8,1,20.2,8,1,24.5,8,1,17.7,8,1,20.6,8,1
2025/10/18,25.9,8,1,15.5,8,1,21,8,1,26.6,8,1,13.4,8,1,19.8,8,1,24.7,8,1,13.4,8,1,19.3,8,1,24.3,8,1,15.1,8,1,19.7,8,1,25.7,8,1,12.5,8,1,19.7,8,1,26.8,8,1,16.5,8,1,21.7,8,1,25.9,8,1,16.9,8,1,21.4,8,1
2025/10/19,24.5,8,1,15.8,8,1,20.1,8,1,24.4,8,1,16.4,8,1,19.8,8,1,21.7,8,1,14.3,8,1,18.1,8,1,23,8,1,16,8,1,19.8,8,1,22.7,8,1,15.7,8,1,18.5,8,1,24.4,8,1,17.2,8,1,20.5,8,1,24,8,1,17.4,8,1,20.7,8,1
2025/10/20,19.7,8,1,15.1,8,1,17.2,8,1,20.7,8,1,15,8,1,17.4,8,1,22.4,8,1,14.5,8,1,17.1,8,1,24.4,8,1,15.5,8,1,18.9,8,1,20.3,8,1,14.9,8,1,16.9,8,1,19.8,8,1,15.3,8,1,17.5,8,1,19.9,8,1,15.5,8,1,17.7,8,1
2025/10/21,17.2,8,1,13.9,8,1,15.6,8,1,16.9,8,1,13.7,8,1,15.3,8,1,16,8,1,13.3,8,1,14.4,8,1,19.6,8,1,14.2,8,1,16,8,1,16.3,8,1,13.6,8,1,14.9,8,1,17.3,8,1,14.1,8,1,15.9,8,1,17.6,8,1,14.4,8,1,16,8,1
2025/10/22,15.4,8,1,10.4,8,1,12.3,8,1,14.7,8,1,11.8,8,1,13,8,1,14.5,8,1,11.7,8,1,13.1,8,1,15.5,8,1,12,8,1,13.8,8,1,15,8,1,11.1,8,1,13.1,8,1,15.4,8,1,12.2,8,1,13.4,8,1,16,8,1,11.4,8,1,13,8,1
2025/10/23,17.9,8,1,11.5,8,1,14.3,8,1,18.5,8,1,10.5,8,1,13.8,8,1,19.1,8,1,10.3,8,1,13.4,8,1,19.4,5,1,10.2,5,1,13.9,8,1,18.1,8,1,9.2,8,1,12.9,8,1,17.3,8,1,12.3,8,1,14.6,8,1,17.4,8,1,12.1,8,1,14.6,8,1
2025/10/24,16.9,8,1,12,8,1,13.6,8,1,18.2,8,1,10,8,1,13.9,8,1,18.5,8,1,8.8,8,1,13.5,8,1,18.3,8,1,8.2,8,1,13.6,8,1,18.6,8,1,8.6,8,1,13.4,8,1,17,8,1,12.9,8,1,14.3,8,1,15.8,8,1,12.5,8,1,13.5,8,1
2025/10/25,13.6,8,1,12,8,1,12.8,8,1,14,8,1,12.1,8,1,13,8,1,14,8,1,11.5,8,1,12.7,8,1,15.1,8,1,12,8,1,13.5,8,1,15.3,8,1,11.5,8,1,13.2,8,1,14.3,8,1,12.6,8,1,13.5,8,1,13.7,8,1,12.1,8,1,12.9,8,1
2025/10/26,16.3,8,1,13.4,8,1,15.1,8,1,16.4,8,1,13.4,8,1,15,8,1,17.2,8,1,13,8,1,15.1,8,1,16.9,8,1,13.5,8,1,15.3,8,1,18.9,8,1,13.6,8,1,16,8,1,16.7,8,1,13.8,8,1,15.6,8,1,16.6,8,1,13.5,8,1,15.2,8,1
2025/10/27,23.9,8,1,14.6,8,1,18,8,1,24.3,8,1,13.6,8,1,18.6,8,1,23.7,8,1,11.5,8,1,16.8,8,1,23.7,8,1,13.7,8,1,18,8,1,23.4,8,1,13.6,8,1,17.8,8,1,22.9,8,1,15.5,8,1,19.3,8,1,24.1,8,1,15.5,8,1,18.8,8,1
2025/10/28,21.4,8,1,13.7,8,1,16.5,8,1,20.8,8,1,11.2,8,1,15.4,8,1,21,8,1,8.5,8,1,13.9,8,1,19,8,1,9.7,8,1,13.9,8,1,19.9,8,1,10.2,8,1,14.3,8,1,21.7,8,1,14.2,8,1,17.4,8,1,21.1,8,1,14.1,8,1,17,8,1
2025/10/29,16.8,8,1,12,8,1,14,8,1,17.3,8,1,9.4,8,1,13.4,8,1,17.8,8,1,5.8,8,1,11.4,8,1,19.1,8,1,7.2,8,1,12.7,8,1,17.3,8,1,7.6,8,1,12,8,1,16.7,8,1,11.7,8,1,13.9,8,1,16.7,8,1,13.4,8,1,14.5,8,1
2025/10/30,19.1,8,1,9.7,8,1,14.3,8,1,19.1,8,1,9.1,8,1,13.5,8,1,18.6,8,1,7.9,8,1,12.7,8,1,19.2,8,1,9.6,8,1,13.2,8,1,19,8,1,6.3,8,1,12.1,8,1,19,8,1,10.5,8,1,14.8,8,1,19,8,1,10.7,8,1,14.8,8,1
2025/10/31,17.1,8,1,12.7,8,1,14.5,8,1,17.2,8,1,10.5,8,1,13.8,8,1,18,8,1,10.4,8,1,14.3,8,1,17,8,1,10.9,8,1,13.6,8,1,20.6,8,1,9.5,8,1,14.4,8,1,18.3,8,1,12.4,8,1,15.5,8,1,16.9,8,1,13.4,8,1,14.7,8,1
2025/11/1,21.7,8,1,12.4,8,1,16.3,8,1,22.7,8,1,11.1,8,1,16.2,8,1,21.9,8,1,10.8,8,1,15.5,8,1,22.4,8,1,11.2,8,1,16.2,8,1,21.8,8,1,11.7,8,1,17,8,1,22,8,1,14.2,8,1,18.7,8,1,22.2,8,1,13.3,8,1,17.1,8,1
2025/11/2,19.1,8,1,12,8,1,15.2,8,1,19.8,8,1,9,8,1,13.6,8,1,19.5,8,1,8.3,8,1,13.3,8,1,21.5,8,1,11.2,8,1,15.1,8,1,19.6,8,1,9,8,1,13.9,8,1,19,8,1,14.1,8,1,17.1,8,1,19,8,1,13,8,1,16.1,8,1
2025/11/3,19.4,8,1,10.6,8,1,14,8,1,19.1,8,1,7.5,8,1,12.6,8,1,18.4,8,1,8,8,1,12.6,8,1,18,8,1,7.6,8,1,11.5,8,1,19.5,8,1,7.9,8,1,12.6,8,1,20.3,8,1,11.3,8,1,15.4,8,1,19.6,8,1,11.1,8,1,14.7,8,1
2025/11/4,17.5,8,1,8.2,8,1,12.6,8,1,17.3,8,1,5.5,8,1,11.8,8,1,16.4,8,1,4.9,8,1,10.3,8,1,16.4,8,1,5.7,8,1,10.6,8,1,17,8,1,4.6,8,1,10.3,8,1,17.5,8,1,9.4,8,1,13.4,8,1,16.9,8,1,10.4,8,1,13.7,8,1
2025/11/5,15.9,8,1,9,8,1,12.9,8,1,15.8,8,1,6.7,8,1,11.5,8,1,17.4,8,1,5.1,8,1,11.6,8,1,15.8,8,1,7.1,8,1,11.6,8,1,17.8,8,1,5.2,8,1,11.2,8,1,16.5,8,1,9.6,8,1,13.6,8,1,15.9,8,1,10.3,8,1,13.3,8,1
2025/11/6,19.2,8,1,11,8,1,15.1,8,1,19.8,8,1,11.4,8,1,14.9,8,1,19.6,8,1,11,8,1,14.8,8,1,20.7,8,1,10.7,8,1,15,8,1,20.9,8,1,10,8,1,14.3,8,1,19.8,8,1,11.7,8,1,15.2,8,1,18.1,8,1,11.2,8,1,15.3,8,1
2025/11/7,21.7,8,1,10.4,8,1,15.7,8,1,21.1,8,1,7.7,8,1,14.9,8,1,20.8,8,1,7.1,8,1,12.9,8,1,19.8,8,1,9.6,8,1,14.2,8,1,21.3,8,1,6.6,8,1,13.3,8,1,22.1,8,1,11.7,8,1,16.3,8,1,21.7,8,1,11.5,8,1,16.3,8,1
2025/11/8,17.5,8,1,11.4,8,1,14.1,8,1,17.6,8,1,10,8,1,13.4,8,1,16.7,8,1,5.2,8,1,10.9,8,1,17.4,8,1,6.8,8,1,12.7,8,1,15.9,8,1,4.8,8,1,10.8,8,1,17.1,8,1,11.4,8,1,14,8,1,16.5,8,1,13.4,8,1,14.7,8,1
2025/11/9,13.7,8,1,10,8,1,12,8,1,13,8,1,10.5,8,1,11.8,8,1,11.9,8,1,9.8,8,1,11.1,8,1,13.1,8,1,10.1,8,1,11.7,8,1,14.2,8,1,9.8,8,1,11.8,8,1,14.2,8,1,10.4,8,1,12.5,8,1,14.9,8,1,10.1,8,1,12.5,8,1
2025/11/10,20.7,8,1,10.3,8,1,13.9,8,1,20.7,8,1,8.8,8,1,13.6,8,1,20.2,8,1,6.4,8,1,11.7,8,1,19,8,1,9.2,8,1,13.3,8,1,19.9,8,1,8.2,8,1,13,8,1,20.6,8,1,11.6,8,1,15.1,8,1,20.8,8,1,11,8,1,14.5,8,1
2025/11/11,15.8,8,1,9.7,8,1,12.7,8,1,16.1,8,1,8.1,8,1,11.7,8,1,16,8,1,3.7,8,1,9.1,8,1,16.8,8,1,6.7,8,1,11.3,8,1,16.5,8,1,4.3,8,1,10.4,8,1,16.9,8,1,10.5,8,1,13.4,8,1,15.9,8,1,9.9,8,1,12.8,8,1
2025/11/12,14.7,8,1,8.1,8,1,11.7,8,1,15.6,8,1,6.7,8,1,10.7,8,1,14.8,8,1,2.7,8,1,8.6,8,1,16.2,8,1,5.3,8,1,10.6,8,1,16,8,1,4.4,8,1,9.6,5,1,15.5,8,1,8.4,8,1,12.1,8,1,14.7,8,1,10.3,8,1,12.3,8,1
2025/11/13,13.1,8,1,9.4,8,1,11.1,8,1,12.8,8,1,6.3,8,1,9.4,8,1,14.8,8,1,6.3,8,1,9.9,8,1,14.7,8,1,7.5,8,1,10.8,8,1,14.9,8,1,5.9,8,1,10.7,8,1,13.3,8,1,10.2,8,1,11.9,8,1,12.8,8,1,9,8,1,11.3,8,1
2025/11/14,20.2,8,1,8,8,1,14.2,8,1,20.4,8,1,4.7,8,1,12.9,8,1,18.9,8,1,4.5,8,1,12,8,1,18.7,8,1,8.1,8,1,13.6,8,1,19,8,1,5.6,8,1,12.3,8,1,20.3,8,1,10.2,8,1,15,8,1,19.4,8,1,9.3,8,1,14.5,8,1
2025/11/15,18.3,8,1,11.6,8,1,14.1,8,1,18.3,8,1,9.3,8,1,13.5,8,1,17.2,8,1,7.7,8,1,11.8,8,1,18.9,8,1,7.1,8,1,12.4,8,1,17.4,8,1,6.3,8,1,11.8,8,1,18.2,8,1,11.3,8,1,14.1,8,1,17.8,8,1,12.6,8,1,14.5,8,1
2025/11/16,17.9,8,1,9.5,8,1,13.3,8,1,18,8,1,7.5,8,1,12.8,8,1,17.6,8,1,7.3,8,1,12,8,1,17.5,8,1,6.8,8,1,12,8,1,17.8,8,1,5.4,8,1,11.2,8,1,18,8,1,9.1,8,1,13.6,8,1,17.5,8,1,10.1,8,1,13.8,8,1
2025/11/17,22.4,8,1,9.8,8,1,16,8,1,22.4,8,1,6.6,8,1,14.1,8,1,20.1,8,1,7.2,8,1,13.1,8,1,21,8,1,8.6,8,1,14.3,8,1,21.2,8,1,8.1,8,1,14.1,8,1,22.4,8,1,11.4,8,1,16.8,8,1,21.9,8,1,10.9,8,1,16.5,8,1
2025/11/18,16.3,8,1,7,8,1,12.5,8,1,15.8,5,1,5.3,5,1,11.6,8,1,13.8,8,1,5.2,8,1,8.7,8,1,13.4,5,1,5.4,5,1,9.6,5,1,14,8,1,4.1,8,1,8.7,8,1,15.6,8,1,7.5,8,1,12.6,8,1,15.7,8,1,8.8,8,1,12.8,8,1
2025/11/19,14.3,8,1,5.1,8,1,9.2,8,1,14.7,8,1,3.4,8,1,8.3,8,1,12.8,5,1,0.5,5,1,6.5,8,1,13.8,8,1,3.4,8,1,7.9,8,1,13.1,8,1,1.7,8,1,6.8,8,1,14.1,8,1,5.7,8,1,9.6,8,1,13.5,8,1,7,8,1,9.8,8,1
2025/11/20,14.8,8,1,7.2,8,1,9.8,8,1,14.6,8,1,3.4,8,1,7.8,8,1,13.8,8,1,1.1,8,1,7.2,8,1,14.2,8,1,2.6,8,1,7.7,8,1,14.4,8,1,1.5,8,1,6.9,8,1,15.2,8,1,7.1,8,1,10.8,8,1,14.3,8,1,7.9,8,1,10.7,8,1
2025/11/21,17.3,8,1,5.1,8,1,10.7,8,1,18,8,1,1,8,1,9.1,8,1,17.1,8,1,1.2,8,1,8.7,8,1,19.7,8,1,4,8,1,10.6,8,1,16.8,8,1,1.9,8,1,9.3,8,1,15.9,8,1,6.6,8,1,11.5,8,1,16.2,8,1,6.6,8,1,11.7,8,1
2025/11/22,17.2,8,1,7.4,8,1,12.4,8,1,18,8,1,4.5,8,1,11,8,1,15.7,8,1,3.4,8,1,9.5,8,1,16.9,8,1,7.2,8,1,11.3,8,1,16.2,8,1,2.9,8,1,9.4,8,1,17.6,8,1,8.8,8,1,13.2,8,1,16.9,8,1,9.4,8,1,13.2,8,1
2025/11/23,15.6,8,1,10.3,8,1,12.1,8,1,16.1,8,1,6,8,1,11.1,8,1,15.4,8,1,6.7,8,1,10.7,8,1,16.1,8,1,6.7,8,1,10.3,8,1,15.2,8,1,5.4,8,1,10.6,8,1,15.2,8,1,10.1,8,1,12.7,8,1,15.6,8,1,10.5,8,1,12.5,8,1
2025/11/24,18.8,8,1,7.6,8,1,12.4,8,1,19,8,1,3.7,8,1,10.9,8,1,17.7,8,1,4.2,8,1,10.2,8,1,18.8,8,1,6.4,8,1,11.6,8,1,18.8,8,1,4,8,1,11.1,8,1,19.1,8,1,8.9,8,1,13.6,8,1,18,8,1,8.9,8,1,13,8,1
2025/11/25,12.6,8,1,8,8,1,10.4,8,1,11.9,8,1,4.1,8,1,8.3,8,1,12.7,8,1,4.6,8,1,8.4,8,1,12.4,8,1,7.2,8,1,9.7,8,1,11.8,8,1,5.2,8,1,8.2,8,1,13.3,8,1,9.2,8,1,11.6,8,1,12.4,8,1,9.3,8,1,11.4,8,1
2025/11/26,18.6,8,1,6.2,8,1,12.1,8,1,18.8,8,1,1.9,8,1,10.5,8,1,17.6,5,1,3.3,5,1,9.8,8,1,17.5,8,1,5.7,8,1,10.8,8,1,17.3,8,1,4.5,8,1,10.1,8,1,18.3,8,1,7.7,8,1,12.8,8,1,18.6,8,1,7.7,8,1,12.9,8,1
2025/11/27,16.2,8,1,7.3,8,1,11.9,8,1,16.2,8,1,3.7,8,1,10.7,8,1,14.7,8,1,2.8,8,1,9.4,8,1,14.9,8,1,4.8,8,1,9.8,8,1,17.1,8,1,4,8,1,10.7,8,1,17.4,8,1,8.6,8,1,13.2,8,1,15,8,1,9.3,8,1,12.5,8,1
2025/11/28,19.8,8,1,8.4,8,1,14,8,1,19.8,8,1,4.7,8,1,11.7,8,1,19.1,8,1,5,8,1,10.9,8,1,17.8,8,1,7.3,8,1,11.6,8,1,19.8,8,1,6.9,8,1,11.8,8,1,20.5,8,1,10.9,8,1,15.4,8,1,19.5,8,1,10.9,8,1,14.9,8,1
2025/11/29,15.3,8,1,9,8,1,11.6,8,1,15.6,8,1,5.8,8,1,11,8,1,14,8,1,1.6,8,1,8.1,8,1,15.8,8,1,6.2,8,1,9.8,8,1,14.8,8,1,3.1,8,1,9.1,8,1,15.4,8,1,9.3,8,1,12.4,8,1,13.7,8,1,9.3,8,1,11.6,8,1
2025/11/30,16.3,8,1,7.1,8,1,10.9,8,1,16.2,8,1,2.4,8,1,8.7,8,1,15.6,8,1,3.7,8,1,8.9,8,1,16.2,8,1,4.4,8,1,9.1,8,1,17.4,8,1,3.6,8,1,9.7,8,1,16.1,8,1,7.4,8,1,12.2,8,1,15.9,8,1,7.4,8,1,11.3,8,1
2025/12/1,20,8,1,6.4,8,1,13.3,8,1,21,8,1,1.6,8,1,10.5,8,1,16.4,8,1,2.2,8,1,9.5,8,1,19.1,8,1,5.7,8,1,11.8,8,1,19.6,8,1,2.7,8,1,10.4,8,1,20.5,8,1,8.2,8,1,14.5,8,1,21.6,8,1,7.9,8,1,14.6,8,1
2025/12/2,18,8,1,9.5,8,1,13.5,8,1,17,8,1,4.8,8,1,11.9,8,1,16.4,8,1,8.1,8,1,12,8,1,17,8,1,7.9,8,1,12.4,8,1,17.1,8,1,6.6,8,1,11.7,8,1,18.2,8,1,10.8,8,1,14.3,8,1,18.3,8,1,11.6,8,1,14.4,8,1
2025/12/3,12.8,8,1,8.3,8,1,11.2,8,1,12.7,8,1,6.8,8,1,9.8,8,1,12.5,8,1,5,8,1,9,8,1,15.5,8,1,5.9,8,1,10,8,1,11.8,8,1,6.1,8,1,9.5,8,1,15.6,8,1,9.1,8,1,12,8,1,14.5,8,1,8.9,8,1,11.9,8,1
2025/12/4,10.7,8,1,4,8,1,7.1,8,1,10.2,8,1,-0.3,8,1,5.5,8,1,8.6,8,1,-0.9,8,1,3.6,8,1,8.9,8,1,1.1,8,1,4.3,8,1,9.2,8,1,-1.2,8,1,4.3,8,1,11,8,1,5.4,8,1,7.8,8,1,11.4,8,1,5.5,8,1,7.9,8,1
2025/12/5,12,8,1,1.2,8,1,7,8,1,12.6,8,1,-3.1,8,1,4.8,8,1,10.4,8,1,-2.4,8,1,3.2,8,1,11.7,8,1,0.5,8,1,4.7,8,1,11.4,8,1,-3.1,8,1,3.7,8,1,13,8,1,2.9,8,1,8,8,1,12.5,8,1,3.7,8,1,8.1,8,1
2025/12/6,11.5,8,1,2.6,8,1,7,8,1,11.6,8,1,-1.5,8,1,4.5,8,1,11.4,8,1,-2.3,8,1,4.5,8,1,12.1,8,1,0.5,8,1,5.2,8,1,12.8,8,1,-1.9,8,1,4.9,8,1,12.5,8,1,3.7,8,1,8.1,8,1,11.5,8,1,3.6,8,1,7.7,8,1
2025/12/7,15.9,8,1,2.5,8,1,8.5,8,1,16.4,8,1,-3.3,8,1,6.3,8,1,13.4,8,1,-1.3,8,1,5.7,8,1,17,8,1,2.1,8,1,8.7,8,1,15.6,8,1,-0.4,8,1,6.5,8,1,15.2,8,1,3.9,8,1,9.4,8,1,15.8,8,1,4,8,1,9.8,8,1
2025/12/8,17.6,8,1,4.2,8,1,11.2,8,1,18.2,8,1,-0.8,8,1,9.1,8,1,15.9,8,1,-0.1,8,1,7.8,8,1,18.8,8,1,4.8,8,1,10.3,8,1,17.3,8,1,-0.3,8,1,8.4,8,1,17.6,8,1,5,8,1,11.5,8,1,18.6,8,1,6.2,8,1,12.4,8,1
2025/12/9,14.3,8,1,6.7,8,1,10.1,8,1,14,8,1,5.9,8,1,9.7,8,1,13,8,1,0.8,8,1,6.1,8,1,11.9,8,1,2.6,8,1,7.3,8,1,13.3,8,1,0.4,8,1,6.8,8,1,13.2,8,1,6.9,8,1,10.1,8,1,12.8,8,1,7.9,8,1,10.5,8,1
2025/12/10,14.3,8,1,4,8,1,8.8,8,1,14.9,8,1,-0.5,8,1,6.9,8,1,13,8,1,-1.4,8,1,5.2,8,1,14.7,8,1,1.5,8,1,7,8,1,13.7,8,1,-1.3,8,1,5.6,8,1,14.4,8,1,4.9,8,1,8.9,8,1,13.3,8,1,5.6,8,1,9.4,8,1
2025/12/11,15.5,8,1,5.5,8,1,10.4,8,1,16,8,1,1.3,8,1,6.8,8,1,11.5,8,1,0.9,8,1,5.5,8,1,13.3,8,1,3.7,8,1,8.5,8,1,14.5,8,1,0.5,8,1,6.3,8,1,16.5,8,1,5.7,8,1,11.3,8,1,16.3,8,1,6.2,8,1,11.4,8,1
2025/12/12,10.9,8,1,3.9,8,1,7.2,8,1,10.5,8,1,2.5,8,1,6.2,8,1,8.7,8,1,-1.4,8,1,4.5,8,1,9.5,8,1,1.6,8,1,4.6,8,1,8.8,8,1,1.1,8,1,5.1,8,1,15.2,8,1,3.9,8,1,7.8,8,1,14.2,8,1,4.3,8,1,7.8,8,1
2025/12/13,8.9,8,1,2.9,8,1,5.7,8,1,9.5,8,1,1.6,8,1,5.2,8,1,7.5,8,1,-2.5,8,1,2.2,8,1,8.8,8,1,0.9,8,1,4.3,8,1,8.8,8,1,-1.1,8,1,3.6,8,1,9.6,8,1,3,8,1,5.9,8,1,8.5,8,1,4.4,8,1,6,8,1
2025/12/14,7.6,8,1,2.7,8,1,4.8,8,1,8,8,1,1.9,8,1,4.4,8,1,8.2,8,1,0.9,8,1,4.6,8,1,12.5,8,1,2.6,8,1,7.1,8,1,9,8,1,1.9,8,1,5.1,8,1,11.7,8,1,2.9,8,1,5.7,8,1,9,8,1,3.1,8,1,5.8,8,1
2025/12/15,13.2,8,1,3.9,8,1,8.4,8,1,12.8,8,1,0.8,8,1,7.1,8,1,12.1,8,1,0.5,8,1,5.8,8,1,11.1,8,1,1.9,8,1,6.7,8,1,12.6,8,1,0.3,8,1,7.3,8,1,13.9,8,1,6.9,8,1,9.7,8,1,13.7,8,1,5.9,8,1,9.3,8,1
2025/12/16,12.5,8,1,3.3,8,1,8,8,1,12.7,8,1,1.4,8,1,6.9,8,1,10.7,8,1,-1.9,8,1,4.2,8,1,13,8,1,0.6,8,1,6.1,8,1,12.5,8,1,-1.9,8,1,4.6,8,1,12.8,8,1,5.4,8,1,8.6,8,1,12.4,8,1,6.3,8,1,8.9,8,1
2025/12/17,14.1,8,1,3.5,8,1,8.8,8,1,14.3,8,1,-0.2,8,1,7,8,1,12.7,8,1,-0.6,8,1,6.1,8,1,12.5,8,1,2.9,8,1,8.2,8,1,13,8,1,-0.8,8,1,6.1,8,1,14,8,1,3.8,8,1,9.7,8,1,13.6,8,1,5.4,8,1,9.6,8,1
2025/12/18,13.2,8,1,5.7,8,1,9.4,8,1,12.9,8,1,4.7,8,1,8.6,8,1,11.9,8,1,0,8,1,5,8,1,10.8,8,1,2.3,8,1,7.1,8,1,12.4,8,1,0.3,8,1,5.8,8,1,13.4,8,1,5.3,8,1,9,8,1,13.4,8,1,7.5,8,1,10,8,1
2025/12/19,12.1,8,1,2.8,8,1,7.4,8,1,11.8,8,1,-1.1,8,1,6.1,8,1,11.4,8,1,-1.8,8,1,5.2,8,1,11.6,8,1,0,8,1,5.3,8,1,11.8,8,1,-1.6,8,1,5,8,1,13,8,1,4.7,8,1,8.5,8,1,12.3,8,1,4.8,8,1,8.4,8,1
2025/12/20,12,8,1,4.7,8,1,8.5,8,1,10.2,8,1,1.5,8,1,6.5,8,1,12,8,1,2.3,8,1,7.7,8,1,12.6,8,1,3,8,1,7.9,8,1,13.1,8,1,2.2,8,1,8.7,8,1,13.3,8,1,6.3,8,1,9.8,8,1,13,8,1,6.7,8,1,9.5,8,1
2025/12/21,18.4,8,1,8.3,8,1,12.3,8,1,12.9,8,1,5.5,8,1,10,8,1,12.4,8,1,8.4,8,1,10.4,8,1,15.4,8,1,5.4,8,1,11,8,1,13.4,8,1,9.4,8,1,11.9,8,1,19.1,8,1,10.9,8,1,14.3,8,1,18.8,8,1,8.9,8,1,13.5,8,1
2025/12/22,12.7,8,1,4.6,8,1,9.6,8,1,12.5,8,1,3.5,8,1,9,8,1,12,8,1,0,8,1,7.3,8,1,11.4,8,1,1.1,8,1,6.9,8,1,11.3,8,1,0.3,8,1,7.2,8,1,12.4,8,1,4.8,8,1,9.6,8,1,12.8,8,1,6,8,1,10.2,8,1
2025/12/23,9.8,8,1,2.4,8,1,6.4,8,1,9.4,8,1,-1.8,8,1,4.7,8,1,8.5,8,1,-1.8,8,1,3.2,8,1,7.8,8,1,-0.7,8,1,3.2,8,1,9.2,8,1,-1.6,8,1,3.9,8,1,10.6,8,1,2.8,8,1,6.9,8,1,10.3,8,1,3.2,8,1,7.1,8,1
2025/12/24,8.4,8,1,4.9,8,1,6.9,8,1,8,8,1,3.5,8,1,6.1,8,1,8.5,8,1,2.6,8,1,6.1,8,1,8.6,8,1,3,8,1,6.1,8,1,10,8,1,3.3,8,1,7.3,8,1,9,8,1,6.3,8,1,7.6,8,1,9.1,8,1,5.1,8,1,7.2,8,1
2025/12/25,11.9,8,1,7.1,8,1,9.6,8,1,11.3,8,1,5.3,8,1,8.6,8,1,13.1,8,1,5.7,8,1,8.7,8,1,11.7,8,1,5.9,8,1,8.2,8,1,12.2,8,1,7.5,8,1,9.8,8,1,12.1,8,1,8.9,8,1,10.3,8,1,12.7,8,1,8.6,8,1,10.2,8,1
2025/12/26,11.3,8,1,2.4,8,1,7.3,8,1,10.5,8,1,1.2,8,1,6.4,8,1,9.5,8,1,-0.7,8,1,5.1,8,1,8,8,1,-0.2,8,1,4.3,8,1,10.5,8,1,0.7,8,1,6.2,8,1,11.9,8,1,2.7,8,1,8.1,8,1,11.5,8,1,3,8,1,7.8,8,1
2025/12/27,6.4,8,1,1.7,8,1,3.3,8,1,7.8,8,1,-1.1,8,1,2.7,8,1,6.8,8,1,-3.8,8,1,0.8,8,1,8.5,8,1,-2.7,8,1,2.3,8,1,5.8,8,1,-2.4,8,1,1.4,8,1,5.9,8,1,1.9,8,1,3.8,8,1,5.9,8,1,2.5,8,1,4.2,8,1
2025/12/28,12,8,1,-0.3,8,1,5.4,8,1,12,8,1,-4.1,8,1,3.5,8,1,9.7,8,1,-3,8,1,2.8,8,1,11.1,8,1,-0.7,8,1,4.5,8,1,10.9,8,1,-3,8,1,3.2,8,1,11.8,8,1,1.1,8,1,6.6,8,1,12,8,1,1.1,8,1,6.4,8,1
2025/12/29,12.5,8,1,3.4,8,1,7.1,8,1,11.7,8,1,0.4,8,1,4.9,8,1,12.5,8,1,-0.1,8,1,5.2,8,1,11.9,8,1,0.7,8,1,5.4,8,1,13.7,8,1,-0.8,8,1,5.5,8,1,12.5,8,1,3.6,8,1,8.9,8,1,12.4,8,1,4.3,8,1,8.5,8,1
2025/12/30,15.3,8,1,2.8,8,1,8.7,8,1,15.7,8,1,-2.3,8,1,6.2,8,1,13.6,8,1,-0.7,8,1,5.5,8,1,17.5,8,1,3.1,8,1,8.7,8,1,15.8,8,1,-0.5,8,1,6.7,8,1,16.4,8,1,4,8,1,10.1,8,1,15.1,8,1,5,8,1,9.9,8,1
2025/12/31,13.3,8,1,3.9,8,1,8,8,1,13.7,8,1,-1.4,8,1,6.1,8,1,12.2,8,1,-0.5,8,1,5.4,8,1,13.3,8,1,1.8,8,1,6.5,8,1,12.8,8,1,0,8,1,5.2,8,1,13.3,8,1,5.5,8,1,9,8,1,11.9,8,1,5.1,8,1,8.8,8,1
2026/1/1,10.3,8,1,3.8,8,1,6.5,8,1,10.3,8,1,0.2,8,1,4.8,8,1,8.9,8,1,-2.1,8,1,3.3,8,1,10.9,8,1,0.1,8,1,4.8,8,1,9.2,8,1,-1.8,8,1,3.1,8,1,10.6,8,1,4.1,8,1,6.9,8,1,9.9,8,1,4.8,8,1,7.4,8,1
2026/1/2,10,8,1,0.5,8,1,4.8,8,1,8.6,8,1,-0.1,8,1,3.6,8,1,6.2,8,1,-1.8,8,1,1.4,8,1,6.3,8,1,-0.8,8,1,2.6,8,1,6.2,8,1,1,8,1,2.6,8,1,10.3,8,1,1.2,8,1,5.4,8,1,9.4,8,1,1,8,1,5.6,8,1
2026/1/3,8.9,8,1,-0.5,8,1,3.7,8,1,9.2,8,1,-2.7,8,1,2.1,8,1,7.7,8,1,-4.2,8,1,1.4,8,1,9.1,8,1,-1.8,8,1,3,8,1,8.7,8,1,-1.7,8,1,2.9,8,1,9.1,8,1,1,8,1,5,8,1,9.4,8,1,1.2,8,1,5.1,8,1
2026/1/4,11.2,8,1,1.2,8,1,6,8,1,10.8,8,1,-3.9,8,1,3.6,8,1,10.3,8,1,-3.6,8,1,3.1,8,1,13,8,1,-1.5,8,1,5,8,1,11,8,1,-3.9,8,1,3.1,8,1,11.4,8,1,5,8,1,7.9,8,1,11.2,8,1,1.7,8,1,6.7,8,1
2026/1/5,12.8,8,1,1.1,8,1,6.7,8,1,10.9,8,1,-3,8,1,4.1,8,1,10.5,8,1,-1.1,8,1,4.6,8,1,12,8,1,0.8,8,1,5.7,8,1,11.7,8,1,-2.3,8,1,4.1,8,1,13.1,8,1,2.4,8,1,7.8,8,1,13.9,8,1,2.6,8,1,8.1,8,1
2026/1/6,11,8,1,3.1,8,1,6.3,8,1,10.4,8,1,1.5,8,1,5.2,8,1,9,8,1,-2.1,8,1,2.6,8,1,9.6,8,1,0,8,1,4.1,8,1,9.4,8,1,-1.9,8,1,3.4,8,1,11.4,8,1,4,8,1,6.7,8,1,11.1,8,1,4.1,8,1,6.8,8,1
2026/1/7,6.4,8,1,1.2,8,1,3.8,8,1,5.6,8,1,-2,8,1,2,8,1,5.9,8,1,-2.7,8,1,1.1,8,1,6.5,8,1,-1.4,8,1,1.8,8,1,8.1,8,1,-2.3,8,1,2.3,8,1,7.9,8,1,2,8,1,4.5,8,1,7.1,8,1,3,8,1,4.6,8,1
2026/1/8,11.3,8,1,-0.3,8,1,4.7,8,1,10.5,8,1,-4.7,8,1,2.1,8,1,9.9,8,1,-3.8,8,1,1.4,8,1,7.7,8,1,-1,8,1,3,8,1,11.4,8,1,-2.9,8,1,2.4,8,1,12.3,8,1,0.4,8,1,5.5,8,1,12.4,8,1,1.4,8,1,5.2,8,1
2026/1/9,10.3,8,1,1.7,8,1,6,8,1,9.5,8,1,-4,8,1,3.4,8,1,7.8,8,1,-5.1,8,1,1,8,1,9,8,1,-2,8,1,2.9,8,1,7.7,8,1,-6,8,1,0.9,8,1,10.1,8,1,2,8,1,5.9,8,1,10.3,8,1,1.9,8,1,6.2,8,1
2026/1/10,14.9,8,1,1.5,8,1,9.3,8,1,15.1,8,1,-1.7,8,1,7.6,8,1,10.2,8,1,-1.6,8,1,4.2,8,1,10.4,8,1,-0.4,8,1,4.1,8,1,13.5,8,1,-0.2,8,1,7.9,8,1,15.7,8,1,2.3,8,1,9.8,8,1,15.2,8,1,2.8,8,1,9.7,8,1
2026/1/11,16.1,8,1,4,8,1,11,8,1,15.9,8,1,0.3,8,1,9.5,8,1,11.9,8,1,-0.7,8,1,4.8,8,1,13.6,8,1,0.4,8,1,7,8,1,14,8,1,0.4,8,1,8.6,8,1,16.1,8,1,4.7,8,1,11.5,8,1,15.2,8,1,2.5,8,1,10.7,8,1
2026/1/12,9.5,8,1,0,8,1,4.7,8,1,9.2,8,1,-4.1,8,1,2.6,8,1,8.8,8,1,-1.7,8,1,2.8,8,1,7.8,8,1,-2.6,8,1,2.5,8,1,9.1,8,1,-2.3,8,1,3.1,8,1,8.6,8,1,3.5,8,1,5.9,8,1,9.8,8,1,1,8,1,5,8,1
2026/1/13,16.1,8,1,0.2,8,1,8.3,8,1,17,8,1,-4.4,8,1,5.5,8,1,12.4,8,1,-3.7,8,1,4.8,8,1,14.2,8,1,-1.3,8,1,5.9,8,1,15.5,8,1,-4.2,8,1,5.8,8,1,14.4,8,1,1.2,8,1,9.3,8,1,15.4,8,1,1.9,8,1,9.6,8,1
2026/1/14,12,8,1,3.3,8,1,7.2,8,1,11.6,8,1,-0.8,8,1,5.4,8,1,10.4,8,1,-0.5,8,1,5.5,8,1,9.6,8,1,3,8,1,5.6,8,1,11.5,8,1,-2,8,1,5.1,8,1,12.3,8,1,4.3,8,1,8.2,8,1,11.3,5,1,5,5,1,7.8,5,1
2026/1/15,12.5,8,1,1.7,8,1,8,8,1,12.4,8,1,-3.8,8,1,4.6,8,1,12.4,8,1,-2.5,8,1,4,8,1,13,8,1,-0.3,8,1,5.6,8,1,13,8,1,-3.9,8,1,4.2,8,1,12.6,8,1,3.8,8,1,8.8,8,1,12.6,8,1,2.9,8,1,8.1,8,1
2026/1/16,17.8,8,1,5,8,1,11.3,8,1,18.1,8,1,-2.1,8,1,6.9,8,1,15.7,8,1,-0.6,8,1,6.6,8,1,15.6,8,1,3.9,8,1,8.7,8,1,16.7,8,1,-0.8,8,1,7.1,8,1,18.1,8,1,7.7,8,1,13,8,1,16.9,8,1,9.2,8,1,12.6,8,1
2026/1/17,15.3,8,1,5,8,1,9.7,8,1,15.9,8,1,-0.3,8,1,7.3,8,1,15.2,8,1,1,8,1,7.2,8,1,18.3,8,1,2,8,1,8,8,1,16.9,8,1,0.6,8,1,7.7,8,1,14.1,8,1,6,8,1,10.3,8,1,13.8,8,1,5.6,8,1,10,8,1
2026/1/18,13.4,8,1,6.1,8,1,9.2,8,1,13.4,8,1,6.4,8,1,8.9,8,1,11.2,8,1,-1.4,8,1,4.9,8,1,11.1,8,1,3.5,8,1,7,8,1,11.8,8,1,0,8,1,5.5,8,1,14,8,1,6.3,8,1,9.3,8,1,13.2,8,1,6.4,8,1,9.5,8,1
2026/1/19,13.9,8,1,5.2,8,1,8.7,8,1,12.8,5,1,2.1,5,1,6.4,5,1,11.4,8,1,2.1,8,1,5.6,8,1,11.2,8,1,3.5,8,1,6.8,8,1,11.6,8,1,0.4,8,1,5.1,8,1,13.4,8,1,5.4,8,1,9.3,8,1,13.8,5,1,5.9,5,1,9.7,8,1
2026/1/20,9.1,8,1,2.3,8,1,5.9,8,1,7.8,8,1,1.1,8,1,4.4,8,1,10,8,1,-1.5,8,1,3.6,8,1,9.3,8,1,-0.1,8,1,4.2,8,1,8.2,8,1,0.1,8,1,3.9,8,1,11.1,8,1,3.1,8,1,6.8,8,1,9,8,1,2.6,8,1,6.6,8,1
2026/1/21,7,8,1,1.8,8,1,3.6,8,1,8,8,1,-1.7,8,1,2.5,8,1,7.1,8,1,-3,8,1,1,8,1,6.9,8,1,-2.8,8,1,1.7,8,1,6.8,8,1,-4.1,8,1,0.8,8,1,6.9,8,1,1.9,8,1,4,8,1,6.5,8,1,2.4,8,1,3.7,8,1
2026/1/22,6.9,8,1,-0.2,8,1,2.5,8,1,6.5,8,1,-3.6,8,1,1.3,8,1,5,8,1,-3.8,8,1,0.3,8,1,5.2,8,1,-2.8,8,1,0.5,8,1,6.2,8,1,-4,8,1,1.1,8,1,7.5,8,1,0,8,1,3.1,8,1,7.3,8,1,0.6,8,1,3.3,8,1
2026/1/23,9.4,8,1,-2,8,1,3.4,8,1,9.2,8,1,-7.9,8,1,1,8,1,6.5,8,1,-6.2,8,1,0.1,8,1,9.4,8,1,-4.7,8,1,1.5,8,1,7.9,8,1,-6.3,8,1,0.3,8,1,8.3,8,1,-0.8,8,1,3.9,8,1,9.1,8,1,0,8,1,4.4,8,1
2026/1/24,11,8,1,-1.3,8,1,4.7,8,1,10.5,8,1,-6.4,8,1,2,8,1,10,8,1,-5.6,8,1,1.3,8,1,9.1,8,1,-1.8,8,1,2.9,8,1,10.1,8,1,-5.8,8,1,1.9,8,1,10.4,8,1,0,8,1,5.6,8,1,10.6,8,1,0.2,8,1,5.3,8,1
2026/1/25,7.6,8,1,1.2,8,1,3.7,8,1,7.5,8,1,-3.4,8,1,2.3,8,1,6.2,8,1,-4.1,8,1,0.7,8,1,5.8,8,1,-2.6,8,1,1.3,8,1,6.2,8,1,-3.9,8,1,1.1,8,1,7.8,8,1,0.6,8,1,3.9,8,1,7.7,8,1,1.6,8,1,4.2,8,1
2026/1/26,8.6,8,1,-0.9,8,1,4.2,8,1,7.7,8,1,-4.3,8,1,2.4,8,1,6,8,1,-5.2,8,1,0.7,8,1,6.2,8,1,-2.6,8,1,1.7,8,1,6.4,8,1,-3.2,8,1,1.2,8,1,9.1,8,1,1.5,8,1,4.9,8,1,9,8,1,1.7,8,1,4.8,8,1
2026/1/27,10.1,8,1,2.3,8,1,5.4,8,1,10.5,8,1,-1,8,1,4,8,1,9.4,8,1,0,8,1,4,8,1,9.7,8,1,-1.5,8,1,4,8,1,10.8,8,1,-0.1,8,1,4.4,8,1,8.7,8,1,2.6,8,1,5.8,8,1,9.2,8,1,2.8,8,1,5.8,8,1
2026/1/28,8.1,8,1,2,8,1,5.5,8,1,8.7,8,1,0.7,8,1,4.9,8,1,9,8,1,-2.8,8,1,2.5,8,1,8.5,8,1,-0.4,8,1,3.4,8,1,9.5,8,1,-3.3,8,1,2.8,8,1,9.5,8,1,1.9,8,1,5.8,8,1,7.8,8,1,4,8,1,6,8,1
2026/1/29,10.4,8,1,1.1,8,1,4.8,8,1,9.4,8,1,-0.6,8,1,3.7,8,1,7.6,8,1,-3.2,8,1,1.4,8,1,7.3,8,1,-2.3,8,1,1.8,8,1,9.7,8,1,-1.2,8,1,2.6,8,1,9.1,8,1,2.3,8,1,5.2,8,1,9.4,8,1,2.3,8,1,5.2,8,1
2026/1/30,9.3,8,1,-0.5,8,1,3.9,8,1,8,8,1,-4.5,8,1,2.2,8,1,7.2,8,1,-4.3,8,1,0.8,8,1,6.4,8,1,-1.4,8,1,1.7,8,1,7.9,8,1,-4.7,8,1,1.1,8,1,8.8,8,1,1.1,8,1,4.4,8,1,8.7,8,1,0.2,8,1,4.1,8,1
2026/1/31,9.8,8,1,0.9,8,1,4.7,8,1,9.6,8,1,-3,8,1,3.6,8,1,8.1,8,1,-4.7,8,1,1.4,8,1,8,8,1,-4,8,1,2,8,1,8.5,8,1,-6.5,8,1,0.7,8,1,10.1,8,1,1,8,1,5.1,8,1,9.3,8,1,1.2,8,1,4.9,8,1
2026/2/1,11.1,8,1,-0.2,8,1,5.5,8,1,11.1,8,1,-4.8,8,1,3.5,8,1,10,8,1,-4.5,8,1,2.4,8,1,9.9,8,1,-1.7,8,1,3.6,8,1,10.7,8,1,-5.7,8,1,2.2,8,1,11.1,8,1,0.7,8,1,5.9,8,1,11.4,8,1,1.2,8,1,6.2,8,1
2026/2/2,12,8,1,2.7,8,1,6.4,8,1,11.7,8,1,-2.9,8,1,4.7,8,1,12.3,8,1,-3.5,8,1,3.3,8,1,10.6,8,1,0.4,8,1,4.4,8,1,12.5,8,1,-3.6,8,1,3.6,8,1,11,8,1,2.1,8,1,6.6,8,1,10.8,8,1,3.1,8,1,6.9,8,1
2026/2/3,10.8,8,1,1.6,8,1,5.8,8,1,10.3,8,1,-0.7,8,1,4.2,8,1,9.1,8,1,-3.7,8,1,2.6,8,1,8.8,8,1,0.1,8,1,3.8,8,1,10,8,1,-3.2,8,1,3.5,8,1,10.9,8,1,1.6,8,1,6.1,8,1,11.1,8,1,2.8,8,1,6.7,8,1
2026/2/4,11.4,8,1,1.6,8,1,6.3,8,1,11.4,8,1,-3.3,8,1,4,8,1,12.3,8,1,-1,8,1,4.8,8,1,11.6,8,1,-1.2,8,1,4.8,8,1,12.1,8,1,-2.1,8,1,4.6,8,1,10.7,8,1,1.8,8,1,6.8,8,1,10.6,8,1,2.2,8,1,6.8,8,1
2026/2/5,13.8,8,1,2.7,8,1,7.8,8,1,14.2,8,1,-2.9,8,1,5.8,8,1,13.7,8,1,-1.7,8,1,6,8,1,14.4,8,1,0.6,8,1,7.3,8,1,15,8,1,-1.3,8,1,6,8,1,12,8,1,3.7,8,1,8.3,8,1,12.1,8,1,4.2,8,1,8.4,8,1
2026/2/6,16.1,8,1,2.6,8,1,9,8,1,16.4,8,1,-2.1,8,1,7.1,8,1,14.4,8,1,-0.9,8,1,5.9,8,1,15.8,8,1,3.2,8,1,7.3,8,1,14.1,8,1,-1.3,8,1,5.7,8,1,15.4,8,1,3.6,8,1,9.2,8,1,15.5,8,1,4.2,8,1,9.5,8,1
2026/2/7,6.9,8,1,1.3,8,1,3.8,8,1,6.4,8,1,0.8,8,1,3.8,8,1,5.1,8,1,-1.4,8,1,2.1,8,1,5.6,8,1,-1.6,8,1,2.5,8,1,3,8,1,-1.9,8,1,1.4,8,1,7.9,8,1,0.8,8,1,3.2,8,1,7.3,8,1,1.3,8,1,3.6,8,1
2026/2/8,2,8,1,-2.5,8,1,-0.7,8,1,1.3,8,1,-3.6,8,1,-1.1,8,1,-0.5,8,1,-5.4,8,1,-2.2,8,1,3.2,8,1,-3.8,8,1,-0.7,8,1,0.6,8,1,-3.2,8,1,-1.5,8,1,1.7,8,1,-1.8,8,1,-0.4,8,1,3.2,8,1,-1.3,8,1,0.2,8,1
2026/2/9,9.2,8,1,-3.2,8,1,2.8,8,1,8.2,8,1,-6,8,1,2.2,8,1,6.3,8,1,-6.8,8,1,-0.4,8,1,7.5,8,1,-4.5,8,1,2.2,8,1,7.9,8,1,-5.8,8,1,0.7,8,1,8.4,8,1,-1.8,8,1,4.1,8,1,9,8,1,-3.4,8,1,3,8,1
2026/2/10,10.9,8,1,0.4,8,1,5.5,8,1,10.4,8,1,-4.4,8,1,3.2,8,1,9.2,8,1,-4.1,8,1,2.8,8,1,9.2,8,1,-1.5,8,1,3.5,8,1,10.8,8,1,-4.1,8,1,3.6,8,1,11.8,8,1,1,8,1,7,8,1,11.4,8,1,1.3,8,1,6.6,8,1
2026/2/11,10.5,8,1,2.7,8,1,6.1,8,1,9.3,8,1,-1,8,1,4.2,8,1,10.5,8,1,-0.2,8,1,4.5,8,1,11.6,8,1,1.5,8,1,6.1,8,1,9.1,8,1,-0.6,8,1,3.8,8,1,12.3,8,1,4.8,8,1,8.4,8,1,12.2,8,1,3.9,8,1,8.4,8,1
2026/2/12,11.6,8,1,2.9,8,1,6.7,8,1,12,8,1,-1,8,1,5.7,8,1,11.5,8,1,-1.8,8,1,4.3,8,1,11.2,8,1,2,8,1,5.9,8,1,11.4,8,1,-2.5,8,1,4.4,8,1,10.9,8,1,4.1,8,1,7.7,8,1,10.7,8,1,5.3,8,1,7.5,8,1
2026/2/13,12.6,8,1,1.8,8,1,7.1,8,1,12.8,8,1,-3.6,8,1,4.7,8,1,13.1,8,1,-2.1,8,1,5.5,8,1,14.1,8,1,0.3,8,1,6.7,8,1,12.3,8,1,-2.5,8,1,4.6,8,1,12.5,8,1,3.2,8,1,7.8,8,1,11.8,8,1,3.7,8,1,7.7,8,1
2026/2/14,15.1,8,1,2.9,8,1,9.1,8,1,14.8,8,1,-2.5,8,1,7.1,8,1,14.6,8,1,-0.8,8,1,7.3,8,1,15.5,8,1,1.7,8,1,8.3,8,1,16.3,8,1,-1.8,8,1,7.4,8,1,15.2,8,1,3.4,8,1,9.9,8,1,13.7,8,1,4.6,8,1,9.5,8,1
2026/2/15,18.4,8,1,6.1,8,1,11.9,8,1,18.6,8,1,2.1,8,1,10.3,8,1,17.9,8,1,2.9,8,1,10.2,8,1,19,8,1,3.9,8,1,11.2,8,1,18.9,8,1,2.4,8,1,10,8,1,16.3,8,1,8.7,8,1,13.1,8,1,17.8,8,1,8.2,8,1,12.6,8,1
2026/2/16,16.7,8,1,4.3,8,1,10.6,8,1,14.9,8,1,3.1,8,1,9.2,8,1,15.8,8,1,3,8,1,8.4,8,1,13.1,8,1,4.5,8,1,9,8,1,13.6,8,1,2.1,8,1,7.7,8,1,13.4,8,1,4.9,8,1,10.1,8,1,14.6,8,1,4.9,8,1,10.6,8,1
2026/2/17,9,8,1,3.1,8,1,5.8,8,1,7.9,8,1,3.3,8,1,5.9,8,1,7.5,8,1,1.3,8,1,4.6,8,1,10.4,8,1,0.4,8,1,5.4,8,1,8.1,8,1,1.8,8,1,4.9,8,1,8.7,8,1,2.6,8,1,5.9,8,1,8.7,8,1,3.9,8,1,6.3,8,1
2026/2/18,12.5,8,1,4.9,8,1,7.6,8,1,12.5,8,1,3.5,8,1,7.3,8,1,12,8,1,2.6,8,1,6.5,8,1,12.9,8,1,0.7,8,1,6.3,8,1,12.6,8,1,2.1,8,1,6.3,8,1,12.1,8,1,4.8,8,1,8,8,1,11.1,8,1,5,8,1,8,8,1
2026/2/19,11.1,8,1,2.1,8,1,5.5,8,1,9.5,8,1,1.3,8,1,4.6,8,1,10,8,1,-1.4,8,1,3.4,8,1,7.3,8,1,0.6,8,1,3.2,8,1,10.3,8,1,0.1,8,1,4.3,8,1,11.6,8,1,2.9,8,1,6.6,8,1,11.2,8,1,2.5,8,1,6.1,8,1
2026/2/20,10.7,8,1,2,8,1,5.9,8,1,10.2,8,1,-2,8,1,4.3,8,1,10.2,8,1,-3,8,1,3.9,8,1,9.8,8,1,-2,8,1,3.9,8,1,10.8,8,1,-1.7,8,1,4.8,8,1,11.4,8,1,2.4,8,1,6.7,8,1,9.9,8,1,2.8,8,1,6.3,8,1
2026/2/21,15.7,8,1,2.5,8,1,8.8,8,1,15.5,8,1,-1.3,8,1,7.4,8,1,15.9,8,1,-0.4,8,1,7.9,8,1,15.4,8,1,0.7,8,1,8.1,8,1,14,8,1,1.7,8,1,7.6,8,1,13.8,8,1,4.2,8,1,9.5,8,1,14,8,1,4.1,8,1,9.2,8,1
2026/2/22,17.6,8,1,5,8,1,12,8,1,18.9,8,1,-0.5,8,1,10.4,8,1,16.2,8,1,2.6,8,1,9.6,8,1,17.3,8,1,4.9,8,1,10.5,8,1,16.9,8,1,2.2,8,1,10.6,8,1,18.1,8,1,6,8,1,12.6,8,1,17.5,8,1,6,8,1,12.2,8,1
2026/2/23,22.9,8,1,12.2,8,1,17.2,8,1,24.3,8,1,6.2,8,1,14.6,8,1,22.8,8,1,6.6,8,1,11.8,8,1,23.8,8,1,7.2,8,1,14,8,1,22.8,8,1,7.5,8,1,13.8,8,1,21.7,8,1,12.3,8,1,17.5,8,1,21.8,8,1,12.5,8,1,17.3,8,1
2026/2/24,18.4,8,1,10.6,8,1,13.4,8,1,15.7,8,1,10.8,8,1,12.7,8,1,13.7,8,1,8.4,8,1,10.7,8,1,13.6,8,1,8.2,8,1,11,8,1,14.2,8,1,9.3,8,1,11.1,8,1,17.6,8,1,10.2,8,1,13.2,8,1,17.1,8,1,11.4,8,1,13.7,8,1
2026/2/25,12.2,8,1,5.8,8,1,9.3,8,1,11.8,8,1,5.9,8,1,9.3,8,1,10.5,8,1,4.8,8,1,7.7,8,1,11.4,8,1,6.4,8,1,9.6,8,1,11.3,8,1,5.3,8,1,7.7,8,1,11.7,8,1,6.1,8,1,9.8,8,1,12.9,8,1,6.7,8,1,9.7,8,1
2026/2/26,11.8,8,1,5.4,8,1,8.6,8,1,13.4,8,1,5.9,8,1,9,8,1,11.5,8,1,4.7,8,1,7.5,8,1,14.4,8,1,6.2,8,1,9.7,8,1,12.4,8,1,5.6,8,1,8.4,8,1,11.7,8,1,6.2,8,1,9,8,1,12.7,8,1,5.9,8,1,9.1,8,1
2026/2/27,16.8,8,1,7.1,8,1,11.8,8,1,17.2,8,1,6.4,8,1,11.9,8,1,16.9,8,1,7.6,8,1,11,8,1,18.3,8,1,7.4,8,1,12.8,8,1,16.1,8,1,5.5,8,1,10.6,8,1,15.8,8,1,8.7,8,1,11.9,8,1,14.7,8,1,7.6,8,1,11.4,8,1
2026/2/28,21.7,8,1,10.4,8,1,14.3,8,1,20.3,8,1,8.7,8,1,13.3,8,1,20.5,8,1,6.8,8,1,12.1,8,1,18.7,8,1,8.7,8,1,13.1,8,1,19.6,8,1,8.3,8,1,12.4,8,1,21.5,8,1,11.1,8,1,14.8,8,1,20.8,8,1,10.7,8,1,14.1,8,1
2026/3/1,19,8,1,8.3,8,1,12.7,8,1,19.1,8,1,7.6,8,1,12.7,8,1,17.6,8,1,3.2,8,1,9.8,8,1,19.3,8,1,7,8,1,11.7,8,1,16,8,1,5.2,8,1,10.1,8,1,17.3,8,1,8.7,8,1,12.7,8,1,16.6,8,1,9,8,1,12.9,8,1
2026/3/2,13.4,8,1,9.2,8,1,11.4,8,1,14,8,1,7.2,8,1,10.5,8,1,15.8,8,1,5.4,8,1,9.6,8,1,17.2,8,1,3.7,8,1,10.3,8,1,12.3,8,1,4.1,8,1,8.6,8,1,14.3,8,1,9.8,8,1,12.1,8,1,13.4,8,1,9.7,8,1,11.7,8,1
2026/3/3,11.4,8,1,4.6,8,1,7.4,8,1,11.1,8,1,5.1,8,1,7.2,8,1,8.8,8,1,2.6,8,1,5.6,8,1,10,8,1,3.8,8,1,6.8,8,1,8.9,8,1,3.8,8,1,6.4,8,1,11.6,8,1,4.6,8,1,8.7,8,1,11.7,8,1,5.2,8,1,8,8,1
2026/3/4,15.8,8,1,4.9,8,1,8.9,8,1,14.9,8,1,4.7,8,1,8.7,8,1,14.3,8,1,2.5,8,1,6.9,8,1,13.6,8,1,4,8,1,8.1,8,1,11.6,8,1,3.1,8,1,6.3,8,1,14.8,8,1,4.3,8,1,8.8,8,1,16.2,8,1,5.2,8,1,9.7,8,1
2026/3/5,17.1,8,1,6.1,8,1,10.1,8,1,15.2,8,1,5.6,8,1,9.3,8,1,15.1,8,1,-0.3,8,1,7.3,8,1,12.2,8,1,4.7,8,1,7.8,8,1,15.8,8,1,1.8,8,1,8.2,8,1,16.9,8,1,7.1,8,1,10.6,8,1,16.5,8,1,7,8,1,10.6,8,1
2026/3/6,14.3,8,1,4.4,8,1,9.4,8,1,12.9,8,1,1.8,8,1,7.6,8,1,11.4,8,1,0.9,8,1,7.3,8,1,13,8,1,1.2,8,1,7.7,8,1,13.7,8,1,0.4,8,1,8.5,8,1,15.7,8,1,5.3,8,1,10.9,8,1,13.4,8,1,6,8,1,10,8,1
2026/3/7,17.4,8,1,7.7,8,1,11.6,8,1,15.5,8,1,6.1,8,1,10.1,8,1,16.2,8,1,5.6,8,1,10,8,1,13.8,8,1,4.1,8,1,9,8,1,16.9,8,1,6.7,8,1,10.9,8,1,17.5,8,1,8.8,8,1,13.4,8,1,18.1,8,1,8,8,1,12.6,8,1
2026/3/8,12.1,8,1,4.1,8,1,7.5,8,1,10.9,8,1,3,8,1,6.4,8,1,11.6,8,1,0.6,8,1,5.7,8,1,9.3,8,1,2,8,1,5.1,8,1,11.6,8,1,2.2,8,1,6.7,8,1,12.3,8,1,5.4,8,1,8.6,8,1,12.7,8,1,4,8,1,8,8,1
2026/3/9,13.6,8,1,4.2,8,1,8.1,8,1,12.4,8,1,3.1,8,1,7.5,8,1,12.3,8,1,-1.7,8,1,5.3,8,1,13.3,8,1,0.3,8,1,6.1,8,1,12,8,1,0.6,8,1,6,8,1,13.4,8,1,4.4,8,1,8.3,8,1,12,8,1,5.1,8,1,8.2,8,1
2026/3/10,8.2,8,1,2,8,1,4.8,8,1,8.4,8,1,0.7,8,1,4.3,8,1,6.9,8,1,0.2,8,1,3,8,1,10.9,8,1,2.1,8,1,5.5,8,1,8.9,8,1,1.6,8,1,4.1,8,1,8.3,8,1,3.8,8,1,5.7,8,1,9.4,8,1,3.3,8,1,5.4,8,1
2026/3/11,11.9,8,1,1.5,8,1,6.6,8,1,11.4,8,1,0.1,8,1,6,8,1,10.8,8,1,-2.3,8,1,4.2,8,1,12,8,1,-0.2,8,1,5.8,8,1,10.4,8,1,-2.4,8,1,4.4,8,1,12,8,1,2.5,8,1,6.6,8,1,11.4,8,1,3.2,8,1,7,8,1
2026/3/12,13.4,8,1,4.8,8,1,8.2,8,1,12.3,8,1,3.8,8,1,7.6,8,1,12.2,8,1,1.6,8,1,6.1,8,1,12.3,8,1,2.8,8,1,6.7,8,1,13,8,1,1.4,8,1,6.2,8,1,12.9,8,1,4.7,8,1,8.1,8,1,12.9,8,1,5.9,8,1,8.7,8,1
2026/3/13,10,8,1,4.1,8,1,7.4,8,1,10.6,8,1,3,8,1,7.1,8,1,12.3,8,1,-0.6,8,1,6.1,8,1,11.1,8,1,1.2,8,1,6.3,8,1,11.6,8,1,-1,8,1,6,8,1,9.7,8,1,4.2,8,1,7.3,8,1,9.4,8,1,5.4,8,1,7.7,8,1
2026/3/14,16,8,1,6,8,1,9.9,8,1,15.6,8,1,5.1,8,1,9.9,8,1,16.8,8,1,2.3,8,1,9,8,1,16.1,8,1,2.4,8,1,8.9,8,1,13.4,8,1,4.2,8,1,8.4,8,1,14.3,8,1,6.5,8,1,9.8,8,1,14,8,1,6.8,8,1,10.1,8,1
2026/3/15,15.8,8,1,5.3,8,1,10.8,8,1,15.3,8,1,3.6,8,1,10.2,8,1,15.5,8,1,2.2,8,1,9.1,8,1,16.8,8,1,2.3,8,1,9.6,8,1,15.1,8,1,1.3,8,1,8.9,8,1,14.4,8,1,6.6,8,1,10.4,8,1,14.6,8,1,6.5,8,1,11,8,1
2026/3/16,14.1,8,1,6.9,8,1,10.1,8,1,15.4,8,1,6.7,8,1,10.6,8,1,14.2,8,1,5.9,8,1,8.8,8,1,15.8,8,1,5.6,8,1,9.8,8,1,13.6,8,1,5,8,1,8.6,8,1,13.7,8,1,8.2,8,1,10.1,8,1,12.5,8,1,7.1,8,1,10,8,1
2026/3/17,16.1,8,1,8.3,8,1,11.2,8,1,16.1,8,1,7.2,8,1,11.1,8,1,16.1,8,1,3.8,8,1,9.6,8,1,17.6,8,1,3.3,8,1,10.2,8,1,14.3,8,1,4.1,8,1,9.5,8,1,14.4,8,1,7.9,8,1,10.6,8,1,13.8,8,1,8.7,8,1,10.9,8,1
2026/3/18,16.8,8,1,9.1,8,1,13.2,8,1,16.6,8,1,8.2,8,1,11.8,8,1,14.3,8,1,5.9,8,1,10.1,8,1,13.1,8,1,7.7,8,1,10.1,8,1,15.2,8,1,5.6,8,1,10.6,8,1,16.3,8,1,8.7,8,1,13.2,8,1,16.9,8,1,10.1,8,1,13.5,8,1
2026/3/19,19.8,8,1,10,8,1,14.8,8,1,20.2,8,1,9.8,8,1,14.1,8,1,21.5,8,1,9.7,8,1,13.5,8,1,18.7,8,1,8.1,8,1,12.4,8,1,20,8,1,10.3,8,1,13.2,8,1,18.9,8,1,11.8,8,1,15.1,8,1,18.2,8,1,10.5,8,1,14.5,8,1
2026/3/20,11.2,8,1,6.5,8,1,9.1,8,1,11.9,8,1,3.8,8,1,8.7,8,1,10.5,8,1,5.1,8,1,7.5,8,1,10.2,8,1,5.7,8,1,7.9,8,1,10.4,8,1,6.8,8,1,8.4,8,1,13,8,1,8,8,1,10.3,8,1,11.7,8,1,7.9,8,1,10.2,8,1
2026/3/21,17.1,8,1,4.3,8,1,10.6,8,1,16.7,8,1,2.7,8,1,9.5,8,1,15.5,8,1,1.3,8,1,8.2,8,1,14.2,8,1,3.4,8,1,8.2,8,1,16,8,1,2.8,8,1,8.8,8,1,15.5,8,1,5.6,8,1,10.9,8,1,15.4,8,1,4.9,8,1,10.3,8,1
2026/3/22,17.1,8,1,5.6,8,1,11.3,8,1,16.5,8,1,1.6,8,1,10.2,8,1,17.2,8,1,2.4,8,1,9.7,8,1,16.5,8,1,2.4,8,1,9.6,8,1,14.7,8,1,2,8,1,8.9,8,1,15.6,8,1,5.6,8,1,11.8,8,1,16.6,8,1,5.9,8,1,11.7,8,1
2026/3/23,17.5,8,1,9.8,8,1,12.2,8,1,17.5,8,1,7.6,8,1,11.7,8,1,18,8,1,7.2,8,1,11.8,8,1,18.8,8,1,6.6,8,1,12,8,1,16.8,8,1,6,8,1,10.3,8,1,16.2,8,1,9.6,8,1,12.7,8,1,15.3,8,1,10.1,8,1,12.4,8,1
2026/3/24,18.1,8,1,9.2,8,1,12.8,8,1,18.6,8,1,8.7,8,1,12.9,8,1,18.4,8,1,6,8,1,11.5,8,1,19.9,8,1,7.5,8,1,12.6,8,1,16.9,8,1,6.9,8,1,11,8,1,17.9,8,1,9.6,8,1,12.6,8,1,17.5,8,1,10.1,8,1,13,8,1
2026/3/25,14.4,8,1,11,8,1,11.8,8,1,13.2,8,1,9.4,8,1,10.8,8,1,13.2,8,1,7.9,8,1,10,8,1,14.2,8,1,8.8,8,1,10.4,8,1,15.8,8,1,6.3,8,1,10.2,8,1,14.7,8,1,10.9,8,1,12.5,8,1,13.6,8,1,11.2,8,1,12,8,1
2026/3/26,13.4,8,1,10.7,8,1,11.7,8,1,13.8,8,1,10,8,1,11.8,8,1,13,8,1,9.1,8,1,10.6,8,1,12.9,8,1,8.9,8,1,10.8,8,1,12.5,8,1,9.2,8,1,10.5,8,1,14.7,8,1,11.2,8,1,12.2,8,1,13.9,8,1,11.1,8,1,12.2,8,1
2026/3/27,18.9,8,1,9.7,8,1,13.4,8,1,17.9,8,1,8.4,8,1,12.9,8,1,18.5,8,1,8.8,8,1,12.1,8,1,19.6,8,1,9.3,8,1,13.3,8,1,15,8,1,8.4,8,1,11,8,1,17,8,1,10.2,8,1,13.3,8,1,17.5,8,1,10.3,8,1,13.5,8,1
2026/3/28,19.6,8,1,9.6,8,1,13.9,8,1,20.1,8,1,9.6,8,1,13.8,8,1,17.9,8,1,7.5,8,1,12.3,8,1,20.7,8,1,10.2,8,1,14.3,8,1,18.7,8,1,7.8,8,1,12.2,8,1,17.7,8,1,9.3,8,1,13.7,8,1,19.1,8,1,11,8,1,14.2,8,1
2026/3/29,21.8,8,1,10.4,8,1,15.9,8,1,22.7,8,1,8.6,8,1,15,8,1,22.4,8,1,8.3,8,1,14.1,8,1,23.4,8,1,9.6,8,1,15.5,8,1,18.3,8,1,8.8,8,1,12.8,8,1,21,8,1,11.4,8,1,15.7,8,1,21.4,8,1,11.4,8,1,15.7,8,1
2026/3/30,20.7,8,1,12,8,1,16.2,8,1,21.7,8,1,11.9,8,1,15.6,8,1,19.2,8,1,9.2,8,1,14.3,8,1,18.6,8,1,11.2,8,1,14.5,8,1,18.4,8,1,10.2,8,1,14.5,8,1,20.5,8,1,12.4,8,1,16.1,8,1,20.3,8,1,12.8,8,1,16,8,1
2026/3/31,19,8,1,14.9,8,1,16.9,8,1,18.6,8,1,15.5,8,1,17.1,8,1,17.5,8,1,13.2,8,1,14.9,8,1,21.3,8,1,12.2,8,1,15.6,8,1,18.9,8,1,12,8,1,16.1,8,1,20.8,8,1,16.2,8,1,18,8,1,19.9,8,1,14.9,8,1,17.3,8,1
2026/4/1,17.6,8,1,10.5,8,1,14,8,1,17.8,8,1,10,8,1,13.6,8,1,17.8,8,1,8.9,8,1,11.9,8,1,18.4,8,1,9.8,8,1,13.8,8,1,16.8,8,1,9.4,8,1,12.3,8,1,18.2,8,1,12.5,8,1,15.1,8,1,18,8,1,10.7,8,1,14.6,8,1
2026/4/2,17.5,8,1,8.6,8,1,11.6,8,1,17.6,8,1,7.3,8,1,11.1,8,1,17.4,8,1,6.7,8,1,9.9,8,1,17.2,8,1,8.3,8,1,11.6,8,1,13.9,8,1,6.8,8,1,10.1,8,1,17,8,1,9.4,8,1,11.9,8,1,15.2,8,1,9.3,8,1,11.7,8,1
2026/4/3,20.7,8,1,8,8,1,14.6,8,1,20.7,8,1,5.6,8,1,13.6,8,1,21,8,1,3.2,8,1,12.4,8,1,21.7,8,1,4.6,8,1,13.7,8,1,20.7,8,1,3.6,8,1,12.9,8,1,18.2,8,1,8.5,8,1,13.9,8,1,20.3,8,1,9,8,1,14.2,8,1
2026/4/4,17.5,8,1,12.1,8,1,14.8,8,1,16.4,8,1,9.2,8,1,13.3,8,1,15.4,8,1,8.6,8,1,12.1,8,1,13.2,8,1,9.4,8,1,11.4,8,1,17.3,8,1,6.9,8,1,12.9,8,1,19,8,1,12,8,1,15.7,8,1,17.4,8,1,12.6,8,1,15,8,1
2026/4/5,22.7,8,1,13.7,8,1,18.3,8,1,22.4,8,1,12.2,8,1,17.5,8,1,23.4,8,1,13.8,8,1,17.5,8,1,23.7,8,1,12.3,8,1,18,8,1,21.8,8,1,15.9,8,1,18.3,8,1,21.8,8,1,17.5,8,1,19.9,8,1,22.9,8,1,15.1,8,1,18.9,8,1
2026/4/6,23.7,8,1,14.9,8,1,18.7,8,1,23.4,8,1,13.9,8,1,18.6,8,1,23.4,8,1,12.4,8,1,17.2,8,1,23.7,8,1,12.2,8,1,17.9,8,1,19.1,8,1,14.4,8,1,16,8,1,22.3,8,1,15.4,8,1,18.7,8,1,23.1,8,1,15.5,8,1,18.4,8,1
2026/4/7,19.6,8,1,8.6,8,1,15.7,8,1,19.4,8,1,7.6,8,1,13.6,8,1,16.7,8,1,7.4,8,1,12.6,8,1,17.5,8,1,6.8,8,1,12.6,8,1,18.7,8,1,7,8,1,13.1,8,1,19.3,8,1,10.3,8,1,16.4,8,1,18.6,8,1,9.8,8,1,15.9,8,1
2026/4/8,19.2,8,1,7.6,8,1,12.9,8,1,18.5,8,1,4.3,8,1,12.3,8,1,17.3,8,1,3,8,1,10.6,8,1,18.5,8,1,5.3,8,1,11.8,8,1,18,8,1,4.3,8,1,11.7,8,1,18.3,8,1,8.1,8,1,12.7,8,1,19.1,8,1,8.3,8,1,13,8,1
2026/4/9,20.3,8,1,9.5,8,1,15.8,8,1,21,8,1,6.1,8,1,14.6,8,1,20.6,8,1,5.7,8,1,13.5,8,1,18.5,8,1,5.7,8,1,13.1,8,1,21.3,8,1,4.6,8,1,14,8,1,20.6,8,1,11.8,8,1,16.2,8,1,19.7,8,1,11.5,8,1,15.9,8,1
2026/4/10,19.8,8,1,16.1,8,1,18.3,8,1,20.9,8,1,12.6,8,1,16.5,8,1,16.9,8,1,12.6,8,1,15,8,1,19.4,8,1,11.5,8,1,15.8,8,1,19.6,8,1,14.5,8,1,17.4,8,1,21.4,8,1,16.4,8,1,19.2,8,1,19.7,8,1,16,8,1,18.2,8,1
2026/4/11,27.3,8,1,14.1,8,1,19.9,8,1,28,8,1,11,8,1,19.6,8,1,28,8,1,11.3,8,1,18.6,8,1,27.8,8,1,14.5,8,1,19.8,8,1,23.7,8,1,13.9,8,1,18.4,8,1,25.6,8,1,16.8,8,1,20.5,8,1,26.5,8,1,15.5,8,1,20.5,8,1
2026/4/12,23.6,8,1,14.2,8,1,18.2,8,1,23.8,8,1,11.8,8,1,17.6,8,1,24.3,8,1,10.8,8,1,17.2,8,1,22.8,8,1,12.2,8,1,16.8,8,1,24,8,1,11.3,8,1,16.8,8,1,21,8,1,15.7,8,1,18,8,1,22.6,8,1,15.1,8,1,17.9,8,1
2026/4/13,24.1,8,1,13.1,8,1,18.5,8,1,25.2,8,1,9.6,8,1,17.2,8,1,25,8,1,11,8,1,17.8,8,1,25.6,8,1,10.5,8,1,17.8,8,1,23.8,8,1,10.3,8,1,17,8,1,21.5,8,1,15.8,8,1,18.8,8,1,22.1,8,1,14.7,8,1,18.2,8,1
2026/4/14,24.6,8,1,15.5,8,1,18.6,8,1,23.9,8,1,12.2,8,1,18.2,8,1,24,8,1,12.8,8,1,17.3,8,1,23.5,8,1,12,8,1,17.9,8,1,19.5,8,1,12.4,8,1,15.7,8,1,23.1,8,1,15.6,8,1,18.5,8,1,23.7,8,1,15.6,8,1,18.6,8,1
2026/4/15,23.7,8,1,14.5,8,1,18.2,8,1,23,8,1,13.5,8,1,17.6,8,1,22.2,8,1,12.7,8,1,17.2,8,1,20.8,8,1,12.2,8,1,16.9,8,1,21.5,8,1,12.7,8,1,16.2,8,1,23.5,8,1,14.3,8,1,18,8,1,23.4,8,1,14.7,8,1,17.8,8,1
2026/4/16,23.5,8,1,10.6,8,1,15.8,8,1,23.3,8,1,10.9,8,1,16.2,8,1,23.6,8,1,10.3,8,1,16.3,8,1,21.9,8,1,11.4,8,1,16.7,8,1,18.1,8,1,9,8,1,13.1,8,1,20.1,8,1,11.3,8,1,15.5,8,1,22.6,8,1,11.6,8,1,16,8,1
2026/4/17,19.2,8,1,8.8,8,1,13.9,8,1,19.8,8,1,9.6,8,1,14,8,1,20.1,8,1,9.1,8,1,13.6,8,1,19.7,8,1,10.3,8,1,14.4,8,1,16.4,8,1,5.1,8,1,11.4,8,1,19.1,8,1,8.9,8,1,13.5,8,1,18.8,8,1,10,8,1,13.7,8,1
2026/4/18,22.2,8,1,12.3,8,1,16.9,8,1,23.4,8,1,9.5,8,1,16.3,8,1,21.4,8,1,8.6,8,1,15.6,8,1,22.1,8,1,9,8,1,16.1,8,1,22,8,1,8.3,8,1,15.5,8,1,21,8,1,12.6,8,1,16.7,8,1,22.4,8,1,12.6,8,1,17,8,1
2026/4/19,25.6,8,1,13.8,8,1,19,8,1,26.3,8,1,12.1,8,1,18.7,8,1,26.1,8,1,11.4,8,1,17.9,8,1,26.3,8,1,13.1,8,1,19.5,8,1,22,8,1,10.5,8,1,16.2,8,1,24.9,8,1,13.9,8,1,18.7,8,1,25,8,1,14.7,8,1,18.8,8,1
2026/4/20,24.7,8,1,14.4,8,1,19,8,1,25.1,8,1,12.9,8,1,19.1,8,1,23.8,8,1,11.6,8,1,17.5,8,1,24.9,8,1,12.7,8,1,18.6,8,1,22.2,8,1,10.6,8,1,16.3,8,1,23.8,8,1,15.1,8,1,18.9,8,1,24.1,8,1,15.9,8,1,19.2,8,1
2026/4/21,25,8,1,14.4,8,1,19.3,8,1,24,8,1,11.3,8,1,18.2,8,1,24.8,8,1,11.6,8,1,17.5,8,1,22.6,8,1,11.4,8,1,17.2,8,1,23.6,8,1,9.6,8,1,16.8,8,1,25.3,8,1,15.4,8,1,19.2,8,1,24.6,8,1,15.4,8,1,19.4,8,1
2026/4/22,23.3,8,1,11.1,8,1,17.7,8,1,22.7,5,1,7.4,5,1,16.5,8,1,22.2,8,1,6.3,8,1,15.1,8,1,23,8,1,8.3,8,1,15.8,8,1,24,8,1,4.6,8,1,15.5,8,1,23.4,8,1,12.2,8,1,18.1,8,1,22.3,8,1,13,8,1,18.2,8,1
2026/4/23,18.6,8,1,12.6,8,1,15.3,8,1,18.4,8,1,12.3,8,1,14.4,8,1,20.5,8,1,11.1,8,1,14.7,8,1,19.1,8,1,11.9,8,1,14.4,8,1,21,8,1,11.5,8,1,14.9,8,1,19.5,8,1,13.3,8,1,16.5,8,1,18.5,8,1,12.6,8,1,15.7,8,1
2026/4/24,19.9,8,1,11.6,8,1,14.9,8,1,20.7,8,1,11.9,8,1,15.2,8,1,21.6,8,1,9.7,8,1,14,8,1,23.7,8,1,11.8,8,1,16,8,1,17.6,8,1,9.3,8,1,12.7,8,1,18.3,8,1,12.1,8,1,14.7,8,1,18.3,8,1,12.6,8,1,14.9,8,1
2026/4/25,19.1,8,1,11,8,1,14.8,8,1,19,8,1,9.4,8,1,14.3,8,1,18.4,8,1,9,8,1,12.9,8,1,19.4,8,1,10,8,1,14.2,8,1,16.7,8,1,6.8,8,1,11.6,8,1,19,8,1,11.5,8,1,14.6,8,1,18.9,8,1,12.5,8,1,15.2,8,1
2026/4/26,22.3,8,1,10.3,8,1,16.7,8,1,22.3,8,1,9.7,8,1,16.2,8,1,21.5,8,1,9.9,8,1,15.6,8,1,21.3,8,1,8.7,8,1,15.8,8,1,20.9,8,1,6.3,8,1,14.6,8,1,21.7,8,1,10.7,8,1,16.9,8,1,22.4,8,1,11.7,8,1,16.9,8,1
2026/4/27,21.3,8,1,12.5,8,1,15.4,8,1,21.7,8,1,11.6,8,1,15.6,8,1,19.1,8,1,10.4,8,1,14,8,1,19.3,8,1,11.8,8,1,15.2,8,1,18.7,8,1,11.7,8,1,14.2,8,1,21.1,8,1,13.9,8,1,16.6,8,1,20.8,8,1,13.5,8,1,16.1,8,1
2026/4/28,24.3,8,1,12,8,1,19.1,8,1,24.9,8,1,9.7,8,1,18.4,8,1,24.3,8,1,8.6,8,1,17.1,8,1,25.1,8,1,10.4,8,1,18,8,1,25,8,1,9.4,8,1,17.6,8,1,24.2,8,1,12.8,8,1,19.3,8,1,24.6,8,1,13.4,8,1,19.1,8,1
2026/4/29,20.2,8,1,13.6,8,1,17,8,1,17.8,8,1,13.4,8,1,15.8,8,1,18.6,8,1,12.3,8,1,15.6,8,1,20,8,1,14,8,1,17.5,8,1,15.4,8,1,12.2,8,1,13.4,8,1,20.6,8,1,14.7,8,1,18,8,1,21.4,8,1,15.4,8,1,18.1,8,1
2026/4/30,16,8,1,11,8,1,14.1,8,1,16.5,8,1,10.5,8,1,13.8,8,1,15.6,8,1,10.5,8,1,13.1,8,1,14.1,8,1,10.8,8,1,12.4,8,1,16.5,8,1,11.7,8,1,13.8,8,1,16.3,8,1,11.8,8,1,14.6,8,1,16.1,8,1,11.5,8,1,14.6,8,1
2026/5/1,20.1,8,1,10.8,8,1,14.1,8,1,22.1,8,1,10.6,8,1,14.1,8,1,18.4,8,1,10.6,8,1,14.2,8,1,15.6,8,1,10.1,8,1,12.5,8,1,21,8,1,11,8,1,16.1,8,1,22.4,8,1,11.5,8,1,16.1,8,1,21,8,1,11,8,1,14.8,8,1
2026/5/2,27.5,8,1,11.6,8,1,20,8,1,26.1,8,1,10.5,8,1,19.3,8,1,26.6,8,1,10.6,8,1,18.8,8,1,25.4,8,1,10.9,8,1,19,8,1,27,8,1,11.5,8,1,19.1,8,1,26,8,1,15.8,8,1,21,8,1,26.5,8,1,13.3,8,1,20.5,8,1
2026/5/3,25.8,8,1,15.9,8,1,19.8,8,1,26.3,8,1,13.3,8,1,19.3,8,1,22.6,8,1,13.4,8,1,18.7,8,1,23.8,8,1,14,8,1,18.4,8,1,25.3,8,1,11.1,8,1,18.4,8,1,24.4,8,1,16.6,8,1,20.1,8,1,25.1,8,1,16.6,8,1,19.7,8,1
2026/5/4,28.4,8,1,16,8,1,22.3,8,1,29.5,8,1,14.1,8,1,21.3,8,1,23.4,8,1,13.6,8,1,18.6,8,1,29.5,8,1,12,8,1,19.5,8,1,22.4,8,1,14.5,8,1,19.1,8,1,26.9,8,1,17.2,8,1,22.4,8,1,27.4,8,1,16.4,8,1,21.9,8,1
2026/5/5,23.7,8,1,13.2,8,1,17.5,8,1,23.6,8,1,10.7,8,1,17.2,8,1,23,8,1,8.8,8,1,15.9,8,1,23.9,8,1,8.6,8,1,16.2,8,1,21.6,8,1,10.6,8,1,16.3,8,1,22.7,8,1,13.2,8,1,17.5,8,1,22.3,8,1,14,8,1,17.5,8,1
2026/5/6,21.7,8,1,14.9,8,1,17.9,8,1,21.4,8,1,12.4,8,1,17.3,8,1,21.7,8,1,11,8,1,16.7,8,1,22,8,1,11.2,8,1,16.7,8,1,22.6,8,1,9.6,8,1,16.8,8,1,22,8,1,16,8,1,18.5,8,1,21.4,8,1,15.2,8,1,18.1,8,1
2026/5/7,26.2,8,1,16.1,8,1,20.8,8,1,26.6,8,1,14.2,8,1,20.9,8,1,27.2,8,1,13.8,8,1,20.5,8,1,28.2,8,1,13.7,8,1,21.2,8,1,24.7,8,1,16.2,8,1,20.2,8,1,24.1,8,1,17.3,8,1,20.5,8,1,24,5,1,17.1,5,1,20.1,5,1
2026/5/8,25.2,8,1,17.6,8,1,22,8,1,25.7,8,1,16.7,8,1,21.4,8,1,24.1,8,1,15.4,8,1,20.6,8,1,25.7,8,1,15.7,8,1,20.3,8,1,24.5,8,1,14.6,8,1,20.5,8,1,25,8,1,19.7,8,1,22.2,8,1,25.1,8,1,19,8,1,21.8,8,1
2026/5/9,23.7,8,1,15.9,8,1,19.6,8,1,22.7,8,1,13.5,8,1,18.5,8,1,22.2,8,1,11.5,8,1,16.8,8,1,22.3,8,1,11.1,8,1,16.7,8,1,22.3,8,1,11.7,8,1,17.4,8,1,24,8,1,16.6,8,1,20.2,8,1,24.2,8,1,16.5,8,1,19.9,8,1
2026/5/10,24.8,8,1,14.3,8,1,19.1,8,1,24.8,8,1,11.9,8,1,18.7,8,1,24.1,8,1,8.2,8,1,17.2,8,1,24.7,8,1,9.6,8,1,17.8,8,1,23.8,8,1,9.1,8,1,16.7,8,1,23.9,8,1,15,8,1,19.3,8,1,24.6,8,1,15.3,8,1,19.2,8,1
2026/5/11,25.5,8,1,16.2,8,1,20.2,8,1,25.5,8,1,12.9,8,1,19.7,8,1,25.8,8,1,13.7,8,1,19.5,8,1,27.1,8,1,13.2,8,1,19.7,8,1,26,8,1,11.7,8,1,19.3,8,1,24.3,8,1,17.1,8,1,20.1,8,1,24.6,8,1,17.2,8,1,20.2,8,1
2026/5/12,25.6,8,1,16.3,8,1,20.3,8,1,25.9,8,1,14.9,8,1,20,8,1,25.9,8,1,14.5,8,1,19.6,8,1,26.5,8,1,14.7,8,1,20.6,8,1,23.9,8,1,12.7,8,1,18.4,8,1,25.3,8,1,16.3,8,1,20.1,8,1,25.5,8,1,16.6,8,1,20.3,8,1
2026/5/13,27.1,8,1,15.6,8,1,20,8,1,27.6,8,1,13.6,8,1,19.6,8,1,25.5,8,1,15,8,1,18.5,8,1,28,8,1,15.3,8,1,19.2,8,1,25.8,8,1,12.9,8,1,18.1,8,1,25.1,8,1,15.7,8,1,20.7,8,1,26.8,8,1,15.9,8,1,20.4,8,1
2026/5/14,25.6,8,1,13.6,8,1,18.7,8,1,25.9,8,1,14,8,1,18.5,8,1,25.6,8,1,12.6,8,1,17.6,8,1,27.4,8,1,14,8,1,19.4,8,1,20.9,8,1,11.2,8,1,14.6,8,1,25.6,8,1,14.7,8,1,19.3,8,1,25.6,8,1,16,8,1,19.9,8,1
2026/5/15,24,8,1,13.2,8,1,17.6,8,1,23.9,8,1,13,8,1,18,8,1,23.4,8,1,12.1,8,1,16.5,8,1,24.2,8,1,12.9,8,1,18.1,8,1,19.6,8,1,10.8,8,1,14.9,8,1,23.8,8,1,13.7,8,1,17.8,8,1,23.7,8,1,14.6,8,1,18.5,8,1
2026/5/16,27,8,1,14.9,8,1,20.3,8,1,27.7,8,1,13.7,8,1,20.4,8,1,26.7,8,1,12.5,8,1,18.8,8,1,28.4,8,1,13.4,8,1,20.7,8,1,23.6,8,1,11.1,8,1,17.2,8,1,26.4,8,1,15.3,8,1,20.1,8,1,26.8,8,1,15.9,8,1,20.2,8,1
2026/5/17,30.2,8,1,15.7,8,1,22.5,8,1,30.3,8,1,14.5,8,1,22.8,8,1,31,8,1,13.3,8,1,22.1,8,1,31.7,8,1,15.1,8,1,23.6,8,1,25.6,8,1,11.6,8,1,19.1,8,1,29.1,8,1,16.3,8,1,22.6,8,1,28.8,8,1,16.4,8,1,22.4,8,1
2026/5/18,29.3,8,1,16.9,8,1,22.9,8,1,30.7,8,1,15.3,8,1,22.9,8,1,30.7,8,1,15,8,1,22.7,8,1,32.2,8,1,16.7,8,1,24,8,1,27.8,8,1,12.2,8,1,20.9,8,1,26.5,8,1,16.9,8,1,22.2,8,1,29,8,1,18.3,8,1,22.9,8,1
2026/5/19,28.6,8,1,18.7,8,1,23.1,8,1,30.9,8,1,16.2,8,1,23.4,8,1,31.8,8,1,16.5,8,1,23.4,8,1,33.4,8,1,18.3,8,1,25,8,1,31.7,8,1,14.9,8,1,23.6,5,1,26.6,8,1,20.3,8,1,23.3,8,1,27.9,8,1,19,8,1,22.8,8,1
2026/5/20,29.7,8,1,19.3,8,1,24.1,8,1,31.4,8,1,17.2,8,1,24.5,8,1,32,8,1,17.5,8,1,24.1,8,1,32.6,8,1,18.4,8,1,25.3,8,1,30.1,8,1,15.5,8,1,22.4,8,1,27.5,8,1,21.9,8,1,24.2,8,1,29.6,8,1,20.6,8,1,23.8,8,1
2026/5/21,22.7,8,1,15.3,8,1,18.6,8,1,23.3,8,1,14.9,8,1,18.7,8,1,23.1,8,1,13.5,8,1,17.5,8,1,23.7,8,1,14.9,8,1,19,8,1,21.7,8,1,14.6,8,1,16.6,8,1,24.6,8,1,15.1,8,1,19.2,8,1,23.7,8,1,15.3,8,1,19.3,8,1
2026/5/22,15.6,8,1,12.4,8,1,14,8,1,16,8,1,12.1,8,1,14.3,8,1,15.5,8,1,10.5,8,1,13.4,8,1,16.8,8,1,11.7,8,1,14.8,8,1,15.5,8,1,10.9,8,1,13.2,8,1,15.4,8,1,11.7,8,1,14,8,1,15.7,8,1,13,8,1,14.6,8,1
2026/5/23,18.9,8,1,12,8,1,14.6,8,1,18.5,8,1,11.9,8,1,14.5,8,1,20.4,8,1,10.5,8,1,14.2,8,1,18.1,8,1,11.3,8,1,14.1,8,1,17.8,8,1,10.3,8,1,13.5,8,1,19.6,8,1,11.9,8,1,14.9,8,1,19.5,8,1,12.6,8,1,15.2,8,1
2026/5/24,24.3,8,1,13.8,8,1,18.3,8,1,22.9,8,1,13.2,8,1,18,8,1,22.5,8,1,12.8,8,1,17.8,8,1,21.2,8,1,12.7,8,1,17.1,8,1,21.9,8,1,13.3,8,1,17.5,8,1,23.7,8,1,13.8,8,1,18.6,8,1,23.6,8,1,13.9,8,1,18.6,8,1
2026/5/25,27,8,1,16.2,8,1,21.2,8,1,28.1,8,1,15.5,8,1,22,8,1,27.4,8,1,17,8,1,21.6,8,1,28.2,8,1,17.3,8,1,22.9,8,1,25.7,8,1,15.7,8,1,20.5,8,1,26.5,8,1,17.9,8,1,21.7,8,1,26.8,8,1,17.7,8,1,21.8,8,1
2026/5/26,26.8,8,1,17.9,8,1,22.1,8,1,27.5,8,1,17.9,8,1,22.7,8,1,26.8,8,1,17.6,8,1,21.6,8,1,26.5,8,1,18.3,8,1,22.5,8,1,25.6,8,1,16.4,8,1,20.7,8,1,26.9,8,1,19,8,1,22.4,8,1,27.2,8,1,18.5,8,1,22.4,8,1
2026/5/27,27.9,8,1,19.5,8,1,23.4,8,1,28.8,8,1,18.9,8,1,23.9,8,1,28.4,8,1,18.7,8,1,23.3,8,1,29.7,8,1,20,8,1,24.3,8,1,26.5,8,1,18.4,8,1,21.7,8,1,28,8,1,19.9,8,1,23.3,8,1,27.7,8,1,20,8,1,23.2,8,1
2026/5/28,27.1,8,1,20.7,8,1,24.1,8,1,29.5,8,1,20.8,8,1,24.8,8,1,29.5,8,1,20.9,8,1,23.9,8,1,29.9,8,1,21.3,8,1,25.3,8,1,27.2,8,1,20.6,8,1,23.4,8,1,25.9,8,1,21.5,8,1,23.9,8,1,26.7,8,1,21.1,8,1,23.4,8,1
2026/5/29,31.6,8,1,21.8,8,1,25.9,8,1,31.8,8,1,20.5,8,1,25.6,8,1,31.4,8,1,18.4,8,1,24.9,8,1,30.5,8,1,19.3,8,1,24.7,8,1,31.5,8,1,18,8,1,25,8,1,32.2,8,1,19.5,8,1,25.4,8,1,30.8,8,1,21.4,8,1,25.7,8,1
2026/5/30,29.5,8,1,18.9,8,1,24,8,1,30.4,8,1,18.4,8,1,24,8,1,31.2,8,1,14.3,8,1,23.2,8,1,32.9,8,1,14.5,8,1,23.7,8,1,30,8,1,14.9,8,1,23.1,8,1,28.2,8,1,18.7,8,1,23.3,8,1,29.1,8,1,20.1,8,1,24,8,1
2026/5/31,30,8,1,20.5,8,1,24.4,8,1,31.9,8,1,19.4,8,1,24.9,8,1,31.8,8,1,17.6,8,1,24.3,8,1,33.4,8,1,19.7,8,1,25.6,8,1,29.2,8,1,17.2,8,1,22.8,8,1,28.3,8,1,21.3,8,1,24.1,8,1,29.3,8,1,20.7,8,1,24,8,1
2026/6/1,31.8,8,1,19.4,8,1,25.1,8,1,34.3,8,1,18.1,8,1,25.5,8,1,33.6,8,1,17.8,8,1,25.4,8,1,34.5,8,1,19.6,8,1,27.1,8,1,32.7,8,1,16.9,8,1,24.5,8,1,31.1,8,1,19.6,8,1,24.6,8,1,31.2,8,1,19.4,8,1,24.3,8,1
2026/6/2,25.9,8,1,18.2,8,1,22.4,8,1,27.1,8,1,18.4,8,1,22.7,8,1,24.9,8,1,18.2,8,1,22,8,1,25.2,8,1,18.5,8,1,22.3,8,1,26.2,8,1,17.5,8,1,22.6,8,1,26.1,8,1,19.8,8,1,22.9,8,1,25.7,8,1,18.4,8,1,22,8,1
2026/6/3,19.8,8,1,17.5,8,1,18.6,8,1,21.4,8,1,17.3,8,1,18.6,8,1,19.8,8,1,16.6,8,1,18,8,1,23.9,8,1,16.6,8,1,19.4,8,1,19.2,8,1,16.6,8,1,17.7,8,1,23.5,8,1,18.1,8,1,19.7,8,1,21,8,1,18.1,8,1,19.2,8,1
2026/6/4,24.4,8,1,18.2,8,1,20.6,8,1,24.1,8,1,18.3,8,1,21,8,1,24.3,5,1,18.2,5,1,20.3,5,1,21.3,8,1,17.2,8,1,19.3,8,1,24,8,1,16,8,1,19.4,8,1,24.3,8,1,18.6,8,1,20.5,8,1,23.8,8,1,18.3,8,1,20.5,8,1
2026/6/5,21.4,8,1,16,8,1,18.5,8,1,21.9,8,1,16.7,8,1,19,8,1,22.9,8,1,15.8,8,1,18.9,8,1,23.5,8,1,15.3,8,1,19.5,8,1,19.9,8,1,14.3,8,1,16.5,8,1,19.2,8,1,15.5,8,1,17,8,1,21.1,8,1,16.5,8,1,18.7,8,1
2026/6/6,24.7,8,1,15.7,8,1,19.2,8,1,24.9,8,1,16.3,8,1,19.3,8,1,24.3,8,1,14.9,8,1,18.5,8,1,25.1,8,1,15.6,8,1,19.9,8,1,20.4,8,1,14.1,8,1,16.5,8,1,23.2,8,1,15.1,8,1,18.3,8,1,23.4,8,1,16,8,1,18.8,8,1
2026/6/7,21.3,8,1,16,8,1,18.8,8,1,21.4,8,1,15.9,8,1,18.6,8,1,21.6,8,1,15.7,8,1,18.5,8,1,23.1,8,1,16.6,8,1,18.9,8,1,21.8,8,1,14.7,8,1,17.7,8,1,21.2,8,1,15.8,8,1,18.9,8,1,20.2,8,1,17,8,1,18.5,8,1
2026/6/8,23.5,8,1,18.3,8,1,20.2,8,1,24.1,8,1,18.3,8,1,20.6,8,1,23.8,8,1,17.6,8,1,19.7,8,1,24.9,8,1,17.5,8,1,20.5,8,1,22.2,8,1,17.4,8,1,19.2,8,1,22.8,8,1,18.8,8,1,20.5,8,1,24.3,8,1,18.4,8,1,20.6,8,1
2026/6/9,22.7,8,1,18.3,8,1,20.1,8,1,23.7,8,1,18.3,8,1,20.7,8,1,23.6,8,1,18.3,8,1,20,8,1,26.7,8,1,18.1,8,1,21.5,8,1,21.9,8,1,17.3,8,1,19.4,8,1,22.5,8,1,18.8,8,1,20.5,8,1,22.3,8,1,18.3,8,1,20.1,8,1
2026/6/10,24.3,8,1,17.6,8,1,20.1,8,1,23.7,8,1,17.8,8,1,20.1,8,1,22.4,8,1,16.2,8,1,19,8,1,24,8,1,17.4,8,1,20.9,8,1,21.3,8,1,15.4,8,1,18.2,8,1,22.7,8,1,18.4,8,1,20.1,8,1,23.7,8,1,18.3,8,1,20.2,8,1
2026/6/11,26.2,8,1,16.9,8,1,21.4,8,1,27.4,8,1,17.5,8,1,21.8,8,1,26.1,8,1,14.4,8,1,19.8,8,1,26.7,8,1,15.4,8,1,20.4,8,1,24.5,8,1,14.2,8,1,19.3,8,1,25.7,5,1,18,5,1,21.8,8,1,26.7,8,1,17.7,8,1,21.9,8,1
2026/6/12,28.1,8,1,17.8,8,1,21,8,1,26.3,8,1,18.4,8,1,20.9,8,1,25.8,8,1,17,8,1,20.6,8,1,25.9,8,1,16.6,8,1,20.7,8,1,25.9,8,1,17.5,8,1,20,8,1,26,8,1,18.9,8,1,21.3,8,1,27.1,8,1,17.6,8,1,20.9,8,1
2026/6/13,28,8,1,17.7,8,1,22.9,8,1,29.4,8,1,16.6,8,1,23.2,8,1,28.4,8,1,16.1,8,1,21.6,8,1,30.3,8,1,16.8,8,1,22.9,8,1,27.1,8,1,17.6,8,1,21.4,8,1,26.6,8,1,18.3,8,1,23,8,1,28,8,1,18.1,8,1,22.7,8,1
2026/6/14,27.4,8,1,20,8,1,23.3,8,1,27.9,8,1,19.6,8,1,23.4,8,1,27.9,8,1,18.1,8,1,23.1,8,1,28,8,1,17.9,8,1,23.3,8,1,26.3,8,1,17,8,1,21.9,8,1,25.4,8,1,20.4,8,1,23.1,8,1,26.2,8,1,20.9,8,1,23,8,1
2026/6/15,21.6,5,1,17,8,1,19.2,8,1,22.6,8,1,17.6,8,1,19.6,8,1,21.6,8,1,16.6,8,1,19.5,8,1,22.7,8,1,16.7,8,1,19.7,8,1,22.9,8,1,16.4,8,1,19.3,8,1,21.9,8,1,17.7,8,1,19.2,8,1,22.1,8,1,16.9,8,1,19.3,8,1
2026/6/16,27.6,8,1,16.1,8,1,21.8,8,1,28.7,8,1,15.2,8,1,22.3,8,1,29.1,8,1,14.8,8,1,22,8,1,30.1,8,1,16,8,1,23.1,8,1,27,8,1,14.5,8,1,21,8,1,26.7,8,1,17.1,8,1,22,8,1,26.8,8,1,17.1,8,1,21.5,8,1
2026/6/17,28.6,8,1,18,8,1,23.1,8,1,29.5,8,1,17.3,8,1,23.8,8,1,29.8,8,1,18,8,1,23.4,8,1,30.7,8,1,18.4,8,1,24.2,8,1,28,8,1,16.4,8,1,22.2,8,1,26.5,8,1,18.9,8,1,22.8,8,1,27.9,8,1,18.9,8,1,22.8,8,1
2026/6/18,26.2,8,1,19.8,8,1,21.8,8,1,26.9,8,1,19.2,8,1,22.2,8,1,27.5,8,1,19.5,8,1,22.4,8,1,28.3,8,1,20.8,8,1,24.1,8,1,23.7,8,1,19.5,8,1,20.6,8,1,26.5,8,1,20.4,8,1,22,8,1,27,8,1,20.1,8,1,22.2,8,1
2026/6/19,30.3,8,1,20,8,1,24.7,8,1,31.3,8,1,21.3,8,1,25.6,8,1,30.8,8,1,20.2,8,1,23.6,8,1,32.3,8,1,20.4,8,1,25.5,8,1,25.4,8,1,18.3,8,1,21.2,8,1,29.6,8,1,20.2,8,1,23.9,8,1,29.3,8,1,20.6,8,1,24.6,8,1
2026/6/20,24,8,1,20,8,1,21.6,8,1,23.1,8,1,20.1,8,1,21.2,8,1,20.7,8,1,19.3,8,1,20,8,1,22.7,8,1,19.4,8,1,20.4,8,1,22.6,8,1,18.5,8,1,20.5,8,1,25.2,8,1,20.8,8,1,22.5,8,1,25.1,8,1,20.4,8,1,22.5,8,1
2026/6/21,27.1,8,1,20.7,8,1,23.1,8,1,27.1,8,1,19.8,8,1,23.3,8,1,27.1,8,1,18.8,8,1,21.8,8,1,29,8,1,19.5,8,1,23.7,8,1,27.3,8,1,19.1,8,1,22.1,8,1,27.4,8,1,21.3,8,1,23.6,8,1,26.9,8,1,21.1,8,1,23.6,8,1
2026/6/22,28,8,1,19.5,8,1,22.9,8,1,29.3,8,1,19.7,8,1,23.7,8,1,27,8,1,19.1,8,1,22.3,8,1,30.1,8,1,20.1,8,1,24.8,8,1,27.3,8,1,18.1,8,1,21,8,1,27.5,8,1,19,8,1,22.4,8,1,28.6,8,1,20.5,8,1,23.2,8,1
2026/6/23,24.7,8,1,18,8,1,20.7,8,1,24.9,8,1,18.1,8,1,20.9,8,1,24.1,8,1,17.6,8,1,20.1,8,1,26.6,5,1,17.5,5,1,21.5,5,1,22.5,8,1,17.1,8,1,19.1,8,1,23.6,8,1,18,8,1,20.3,8,1,24.1,8,1,19.2,8,1,21.1,8,1
2026/6/24,26.6,8,1,18.7,8,1,22.2,8,1,27,8,1,18.6,8,1,22.4,8,1,26.5,8,1,16.8,8,1,21.2,8,1,27.2,8,1,19,8,1,22.6,8,1,25,8,1,16.6,8,1,20.2,8,1,25.8,8,1,18,8,1,21.7,8,1,25.8,8,1,19.2,8,1,22.1,8,1
2026/6/25,22.3,8,1,19.8,8,1,20.5,8,1,22.2,8,1,19.5,8,1,20.5,8,1,23.2,8,1,19.3,8,1,21,8,1,23.1,8,1,19.5,8,1,20.8,8,1,22.9,8,1,18.9,8,1,20.5,8,1,21.9,8,1,20,8,1,21,8,1,22.3,8,1,19.8,8,1,20.7,8,1
2026/6/26,24.9,8,1,20,8,1,21.7,8,1,22.8,8,1,19.8,8,1,21.1,8,1,24.5,8,1,19.3,8,1,21.2,8,1,25,8,1,19.2,8,1,21.3,8,1,24.1,8,1,19.8,8,1,21.9,8,1,27.9,8,1,20.9,8,1,23.3,8,1,27.4,8,1,19.9,8,1,22.6,8,1
2026/6/27,22.8,8,1,20.8,8,1,22.1,8,1,24.1,8,1,20.9,8,1,22.5,8,1,25.2,8,1,20.2,8,1,22.6,8,1,26,8,1,20.3,8,1,23.1,8,1,25.2,8,1,20.3,8,1,21.7,8,1,23.5,8,1,20.7,8,1,22.2,8,1,22.7,8,1,21.3,8,1,22.2,8,1
2026/6/28,23.5,8,1,19.8,8,1,21.6,8,1,24,8,1,20.4,8,1,22.4,8,1,23.1,8,1,19.3,8,1,20.8,8,1,23.8,8,1,19.7,8,1,21.6,8,1,22.4,8,1,18.9,8,1,20.4,8,1,23.2,8,1,20.2,8,1,21.9,8,1,23.3,8,1,20.2,8,1,21.8,8,1
2026/6/29,27.2,8,1,19.6,8,1,22.4,8,1,28.2,8,1,19.9,8,1,23.5,8,1,28.3,8,1,19.3,8,1,23.4,8,1,29.5,8,1,19.9,8,1,24.4,8,1,26.8,8,1,18.7,8,1,22,8,1,27.3,8,1,19.8,8,1,22.8,8,1,26.2,8,1,20.1,8,1,22.3,8,1
2026/6/30,28.7,8,1,21.2,8,1,24.7,8,1,30.1,8,1,21.3,8,1,25.2,8,1,29.6,8,1,21.5,8,1,24.5,8,1,29.6,8,1,20.9,8,1,24.3,8,1,27.5,8,1,20.7,8,1,23.4,8,1,28,8,1,21.7,8,1,24.7,8,1,29.1,8,1,21.8,8,1,24.8,8,1
2026/7/1,28.1,8,1,22.2,8,1,24.7,8,1,28.7,8,1,22,8,1,25.1,8,1,28.9,8,1,21.1,8,1,24.6,8,1,28.4,8,1,20.8,8,1,24.7,8,1,25.6,8,1,20.8,8,1,22.4,8,1,27.7,8,1,22.5,8,1,24.5,8,1,28,8,1,22.5,8,1,24.5,8,1
2026/7/2,22.7,8,1,20,8,1,21.2,8,1,23.5,8,1,20.4,8,1,21.5,8,1,22.7,8,1,19.2,8,1,21.2,8,1,23.8,8,1,19.7,8,1,21.5,8,1,21.9,8,1,19.4,8,1,20.8,8,1,23.6,8,1,20.1,8,1,21.9,8,1,23.2,8,1,19.9,8,1,21.7,8,1
2026/7/3,26.4,8,1,19.9,8,1,22.5,8,1,26.4,8,1,20,8,1,22.7,8,1,26.5,8,1,19.7,8,1,21.4,8,1,27.2,8,1,20.8,8,1,23,8,1,25.3,8,1,19.3,8,1,21.2,8,1,27,8,1,20.6,8,1,22.9,8,1,27.5,8,1,20.9,8,1,23.2,8,1
2026/7/4,27.6,8,1,20.7,8,1,23.7,8,1,27.6,8,1,20.5,8,1,23.8,8,1,25.6,8,1,19,8,1,21.6,8,1,27,8,1,20.7,8,1,23.4,8,1,24,8,1,19,8,1,20.9,8,1,26.3,8,1,20.2,8,1,23.1,8,1,27.6,8,1,20.7,8,1,23.5,8,1
2026/7/5,26.9,8,1,22,8,1,24,8,1,26,8,1,22,8,1,23.2,8,1,25.9,8,1,20.8,8,1,22.2,8,1,25.4,8,1,21,8,1,22.5,8,1,25.8,8,1,19.8,8,1,22.8,8,1,27.3,8,1,21.9,8,1,24.1,8,1,26.1,8,1,21.6,8,1,23.6,8,1
2026/7/6,27.1,8,1,19.2,8,1,23,8,1,26.3,8,1,20.6,8,1,23.2,8,1,25,8,1,20.2,8,1,22,8,1,23.7,8,1,19.9,8,1,21.1,8,1,25.4,8,1,20.6,8,1,22.5,8,1,27.1,8,1,21.8,8,1,23.7,8,1,26.7,8,1,19.5,8,1,22.9,8,1
2026/7/7,24.7,8,1,20.7,8,1,22.7,8,1,25.9,8,1,19.6,8,1,23.1,8,1,27.9,8,1,19.6,8,1,22.9,8,1,27.4,8,1,18.9,8,1,23.1,8,1,26.3,8,1,19.4,8,1,22.3,8,1,25.3,8,1,21.3,8,1,23.3,8,1,25.9,8,1,19.6,8,1,22.8,8,1
2026/7/8,30.4,8,1,20.5,8,1,25.2,8,1,30.8,8,1,20.5,8,1,25.6,8,1,27.1,8,1,20.9,8,1,23.6,8,1,28.6,8,1,21.6,8,1,25.2,8,1,27.9,8,1,18.6,8,1,23,8,1,29.4,8,1,21,8,1,24.7,8,1,30.2,8,1,21.3,8,1,25.2,8,1
2026/7/9,31.7,8,1,21.6,8,1,26.3,8,1,32.8,8,1,21.2,8,1,26.9,8,1,31,8,1,21.7,8,1,26.1,8,1,33.2,8,1,21.7,8,1,27.6,8,1,29.8,8,1,20.5,8,1,24.9,8,1,29.7,8,1,22.3,8,1,25.8,8,1,30.9,8,1,22.1,8,1,25.9,8,1
2026/7/10,31.6,8,1,23.3,8,1,26.8,8,1,33.3,8,1,22.8,8,1,27.7,8,1,32.5,8,1,21.9,8,1,26.7,8,1,34.1,8,1,23.3,8,1,28.2,8,1,31.8,8,1,20.9,8,1,26.4,8,1,28.9,8,1,23.2,8,1,26.2,8,1,31.1,8,1,23.4,8,1,26.5,8,1
2026/7/11,31,8,1,23.6,8,1,26.8,8,1,33.4,8,1,23.7,8,1,28.1,8,1,31.4,8,1,22.8,8,1,26.4,8,1,33.5,8,1,23.9,8,1,28.5,8,1,31.8,8,1,23,8,1,27,8,1,29.9,8,1,23.9,8,1,26.8,8,1,30.9,8,1,24.4,8,1,26.9,8,1
2026/7/12,29.9,8,1,24.4,8,1,26.7,8,1,30.6,8,1,24.7,8,1,27.4,8,1,27.5,8,1,24,8,1,25.8,8,1,29.8,8,1,25.3,8,1,27.3,8,1,28.3,8,1,24.2,8,1,26.1,8,1,28.6,8,1,25.4,8,1,26.9,8,1,29.3,8,1,25,8,1,26.6,8,1
2026/7/13,29.6,8,1,24.4,8,1,26.4,8,1,30.6,8,1,25,8,1,27.5,8,1,27.6,8,1,24.5,8,1,25.7,8,1,33.1,8,1,25.2,8,1,28.5,8,1,30.3,8,1,23,8,1,25.7,8,1,29.9,8,1,25.6,8,1,27.5,8,1,29.2,8,1,24.8,8,1,26.8,8,1
2026/7/14,34.7,8,1,24.2,8,1,29.2,8,1,36.2,8,1,23.9,8,1,29.7,8,1,34,8,1,23.2,8,1,28.1,5,1,37,8,1,25.2,8,1,31,8,1,33.1,8,1,22.3,8,1,27.3,8,1,32.6,8,1,25.7,8,1,28.7,8,1,34.2,8,1,24.7,8,1,28.8,8,1
2026/7/15,34.3,8,1,25.9,8,1,29.3,8,1,35.4,8,1,25.6,8,1,30.1,8,1,35.1,8,1,25.6,8,1,29.8,8,1,36.1,8,1,25.9,8,1,31,8,1,35,8,1,25,8,1,29.3,8,1,34,8,1,27,8,1,29.4,8,1,32.8,8,1,26,8,1,28.9,8,1
2026/7/16,34.2,8,1,26.4,8,1,29.9,8,1,35.1,8,1,26.2,8,1,29.5,8,1,33.8,8,1,26.2,8,1,28.8,8,1,35.9,8,1,24.9,8,1,28.5,8,1,33,8,1,25.5,8,1,28.2,8,1,34.3,8,1,27.6,8,1,30,8,1,34,8,1,26.6,8,1,29.7,8,1
2026/7/17,30.8,8,1,26.4,8,1,28,8,1,32.6,8,1,25.7,8,1,28.3,8,1,31.4,8,1,24.1,8,1,27.1,8,1,32.3,8,1,24.7,8,1,27,8,1,25.8,8,1,23.3,8,1,24.6,8,1,29.5,8,1,25.9,8,1,27.8,8,1,32.4,8,1,26.4,8,1,28.5,8,1
2026/7/18,30.7,8,1,25.4,8,1,27.3,8,1,30.5,8,1,26.3,8,1,28,8,1,28.7,8,1,23.7,8,1,25,8,1,26.5,8,1,23.6,8,1,24.6,8,1,27.7,8,1,23.3,8,1,25,8,1,29.5,8,1,25,8,1,26.6,8,1,30.3,8,1,25.4,8,1,27.2,8,1
2026/7/19,34,8,1,25.7,8,1,29,8,1,34.6,8,1,26.4,8,1,29.4,8,1,32.6,8,1,24,8,1,27.8,8,1,33.7,8,1,23.8,8,1,28.5,8,1,31.2,8,1,22.7,8,1,27,8,1,31.6,8,1,24.7,8,1,28.3,8,1,32.7,8,1,25.7,8,1,28.6,8,1
2026/7/20,36.1,8,1,25.7,8,1,30.4,8,1,37.7,8,1,25.7,8,1,31.5,8,1,36.1,8,1,25.5,8,1,30.4,8,1,37.4,8,1,26.6,8,1,32,8,1,36.6,8,1,24.6,8,1,30.5,8,1,33.8,8,1,26.8,8,1,29.8,8,1,35.7,8,1,26.1,8,1,29.9,8,1
2026/7/21,36.4,8,1,26.9,8,1,31.1,8,1,38.7,8,1,27.1,8,1,31.8,8,1,37,8,1,26.6,8,1,31.1,8,1,38.8,8,1,28,8,1,32.3,8,1,37,8,1,26.8,8,1,30.5,8,1,34.5,8,1,27.6,8,1,30.2,8,1,34.7,8,1,26.8,8,1,30,8,1
2026/7/22,36.1,8,1,27.6,8,1,31.9,8,1,39.1,8,1,27.5,8,1,32.9,8,1,37,8,1,24.5,8,1,30.9,8,1,39.2,8,1,28,8,1,33,8,1,35,8,1,25.9,8,1,29.9,8,1,34.4,8,1,28.1,8,1,30.9,8,1,35.3,8,1,27.4,8,1,30.9,8,1
2026/7/23,36.9,8,1,28.2,8,1,31.8,8,1,38.6,8,1,26.9,8,1,31.8,8,1,35.2,8,1,25.1,8,1,29.1,8,1,38.6,8,1,27.2,8,1,31.4,8,1,32,8,1,25.1,8,1,28.2,8,1,36.3,8,1,27.1,8,1,31.3,8,1,36.2,8,1,28.5,8,1,31.3,8,1
2026/7/24,35.4,8,1,24.2,8,1,28.8,8,1,36.1,8,1,26.5,8,1,28.9,8,1,30.2,8,1,24.4,8,1,26.8,8,1,33.8,8,1,26.6,8,1,29.3,8,1,28.6,8,1,23.6,8,1,25.4,8,1,33.3,8,1,25.8,8,1,28.7,8,1,33.9,8,1,27,8,1,29.5,8,1
2026/7/25,37.1,8,1,24,8,1,28.9,8,1,37.3,8,1,25.5,8,1,29,8,1,35.5,8,1,24.1,8,1,27.9,8,1,35.9,8,1,25.9,8,1,29.9,8,1,32.7,8,1,23.5,8,1,25.6,8,1,36.4,8,1,25.2,8,1,28.4,8,1,36,8,1,25.8,8,1,29.4,8,1
2026/7/26,32.8,8,1,23.5,8,1,26.5,8,1,33.6,8,1,24.3,8,1,27.9,8,1,29.6,8,1,23.4,8,1,26,8,1,30.4,8,1,24.4,8,1,26.7,8,1,30,8,1,22.8,8,1,25.5,8,1,32.3,8,1,25.1,8,1,27.8,8,1,32.9,8,1,25.6,8,1,28,8,1
2026/7/27,30.7,8,1,23.1,8,1,26,8,1,31.3,8,1,23.7,8,1,26.4,8,1,29,8,1,21.8,8,1,24.6,8,1,31.6,8,1,23.3,8,1,26.2,8,1,27.8,8,1,22,8,1,24,8,1,30.9,8,1,23,8,1,26.2,8,1,31.2,8,1,24.4,8,1,26.9,8,1
2026/7/28,29.5,8,1,21,8,1,25.1,8,1,29.1,8,1,22.9,8,1,24.9,8,1,26.4,8,1,21.5,8,1,24,8,1,25.8,8,1,22.5,8,1,24.1,8,1,28.5,8,1,21.6,8,1,24.1,8,1,30.3,8,1,22.8,8,1,26.3,8,1,31.1,8,1,23.5,8,1,26.1,8,1
2026/7/29,35.8,8,1,22.9,8,1,29.5,8,1,35.1,8,1,22.4,8,1,29,8,1,34.8,8,1,23,8,1,27.9,8,1,33.7,8,1,22.6,8,1,27.9,8,1,34.5,8,1,23.4,8,1,28,8,1,37.5,8,1,25.9,8,1,30,8,1,34.3,8,1,23.9,8,1,29.5,8,1
2026/7/30,36.2,8,1,24.8,8,1,29.5,8,1,36.9,8,1,25.3,8,1,30.5,8,1,34.5,8,1,23.5,8,1,28.1,8,1,36,8,1,24.2,8,1,30.2,8,1,35,8,1,23.2,8,1,27.5,8,1,36.5,8,1,27.6,8,1,30.9,8,1,35.3,8,1,25.7,8,1,30.6,8,1
2026/7/31,35.2,8,1,25,8,1,29.6,8,1,35.4,8,1,26.3,8,1,29.7,8,1,31.9,8,1,25,8,1,27.6,8,1,36.2,8,1,25.9,8,1,29.8,8,1,31.6,8,1,24.4,8,1,27.1,8,1,35.9,8,1,26.6,8,1,30,8,1,34.2,8,1,26.3,8,1,29.7,8,1
2026/8/1,36.5,8,1,25.9,8,1,29.9,8,1,36.9,8,1,25.2,8,1,30.9,8,1,33.7,8,1,24.9,8,1,29,8,1,36.8,8,1,25.5,8,1,30.3,8,1,33.8,8,1,23.7,8,1,28.1,8,1,36.7,8,1,27.4,8,1,30.7,8,1,35.1,8,1,26.8,8,1,30.3,8,1
2026/8/2,35.3,8,1,24.8,8,1,28.8,8,1,35,8,1,24.5,8,1,29.5,8,1,33.6,8,1,22.5,8,1,27.2,8,1,37.3,8,1,23.7,8,1,30,8,1,28.1,8,1,23.6,8,1,25.2,8,1,34.8,8,1,23.9,8,1,29.3,8,1,35.3,8,1,25.4,8,1,30.1,8,1
2026/8/3,26.7,8,1,22.7,8,1,24.6,8,1,26.4,8,1,22.4,8,1,24.4,8,1,26.2,8,1,21.8,8,1,23,8,1,26.8,8,1,22.3,8,1,23.8,8,1,26.5,8,1,22.4,8,1,23.8,8,1,28.2,8,1,23.1,8,1,24.9,8,1,27.3,8,1,23.7,8,1,25.3,8,1
2026/8/4,30.4,8,1,22,8,1,25.6,8,1,30.2,8,1,21.5,8,1,25.4,8,1,28.8,8,1,20.5,8,1,24,8,1,27.7,8,1,21.5,8,1,24.2,8,1,27.8,8,1,20,8,1,23.8,8,1,29.4,8,1,22.6,8,1,25.2,8,1,30.5,8,1,22.9,8,1,26.1,8,1
2026/8/5,30.9,8,1,22.7,8,1,26.7,8,1,32.2,8,1,21.9,8,1,26.8,8,1,32,8,1,19.5,8,1,25.6,8,1,32.5,8,1,20.1,8,1,26.5,8,1,28.9,8,1,19.3,8,1,24.4,8,1,31.7,8,1,23.2,8,1,26.5,8,1,32.3,8,1,24.1,8,1,27.4,8,1
2026/8/6,31.7,8,1,22.5,8,1,26.8,8,1,34.1,8,1,23.5,8,1,28.8,8,1,33.4,8,1,23.6,8,1,28.2,8,1,35,8,1,24.5,8,1,29.4,8,1,30.8,8,1,22.3,8,1,26.2,8,1,32.3,8,1,23.7,8,1,27.4,8,1,32.7,8,1,23.5,8,1,27.7,8,1
2026/8/7,33.4,8,1,25.8,8,1,29,8,1,35.6,8,1,26.7,8,1,30.3,8,1,35.2,8,1,26,8,1,29.4,8,1,35.9,8,1,26.6,8,1,30.2,8,1,33.4,8,1,26.3,8,1,29,8,1,31.6,8,1,26.7,8,1,28.5,8,1,33.3,8,1,26.2,8,1,29,8,1
2026/8/8,34,8,1,26.2,8,1,29.2,8,1,35.8,8,1,26.1,8,1,29.9,8,1,33.6,8,1,23.4,8,1,27.7,8,1,36,8,1,25.8,8,1,28.9,8,1,32.8,8,1,25.3,8,1,28.5,8,1,33.1,8,1,25.8,8,1,28.7,8,1,33.8,8,1,26.2,8,1,29,8,1
2026/8/9,33.5,8,1,23.2,8,1,28.1,8,1,34.7,8,1,23.3,8,1,28.1,8,1,32.9,8,1,21.9,8,1,25.6,8,1,34.3,8,1,22.9,8,1,27.7,8,1,30.4,8,1,23.5,8,1,26.1,8,1,32.9,8,1,24.9,8,1,28,8,1,33.6,8,1,24.4,8,1,28.5,8,1
2026/8/10,31.6,8,1,22.2,8,1,26.6,8,1,32.2,8,1,23.2,8,1,26.9,8,1,33.1,8,1,21.8,8,1,26.2,8,1,33.8,8,1,22.3,8,1,27.4,8,1,29.1,8,1,22,8,1,24.8,8,1,31.7,8,1,23.1,8,1,26.7,8,1,31.3,8,1,23.7,8,1,27,8,1
2026/8/11,30.2,8,1,21.5,8,1,24.7,8,1,29.8,8,1,21.4,8,1,25.6,8,1,29.5,8,1,20.7,8,1,24.4,8,1,30.9,8,1,20.4,8,1,25.6,8,1,26.4,8,1,20.9,8,1,23,8,1,29.6,8,1,21.8,8,1,24.4,8,1,31.6,8,1,22.6,8,1,25.5,8,1
2026/8/12,30.3,8,1,21.9,8,1,24.9,8,1,30.3,8,1,21.8,8,1,24.6,8,1,28.6,8,1,21.2,8,1,24.3,8,1,27.2,5,1,20,5,1,22.3,8,1,27.9,8,1,21.8,8,1,24,8,1,29.7,8,1,22.4,8,1,25.2,8,1,30.8,8,1,21.2,8,1,25.3,8,1
2026/8/13,29.5,8,1,22.8,8,1,24.5,8,1,27.8,8,1,22.6,8,1,24,8,1,26.7,8,1,21.5,8,1,23.9,8,1,27.5,5,1,20.5,5,1,23.1,8,1,28.2,8,1,23.2,8,1,24.7,8,1,28.8,8,1,22.4,8,1,25,8,1,30,8,1,23.1,8,1,25.4,8,1
2026/8/14,31.9,8,1,22.4,8,1,25.6,8,1,31.6,8,1,22.2,8,1,26.3,8,1,29.8,8,1,21.9,8,1,24.9,8,1,32.1,8,1,21.5,8,1,26,8,1,29.9,8,1,23.5,8,1,25.3,8,1,30.6,8,1,22.8,8,1,25.8,8,1,31.4,8,1,22.4,8,1,25.9,8,1
2026/8/15,29.7,8,1,22.9,8,1,25.2,8,1,30.2,8,1,23.4,8,1,26.1,8,1,28.7,8,1,22.4,8,1,24.6,8,1,29.1,4,1,23,4,1,24.7,4,1,29.3,8,1,21.2,8,1,25,8,1,29.4,8,1,23.8,8,1,26.3,8,1,30.8,8,1,23.9,8,1,26.3,8,1
2026/8/16,27.3,8,1,21.9,8,1,23.8,8,1,28.2,8,1,22,8,1,24.5,8,1,28.3,8,1,21.2,8,1,24.4,8,1,30.6,8,1,22.6,8,1,25.8,8,1,28.6,8,1,20.6,8,1,23.5,8,1,26.5,8,1,23,8,1,24.4,8,1,26.8,8,1,23.2,8,1,24.6,8,1
2026/8/17,30.5,8,1,21.8,8,1,25.5,8,1,30.9,8,1,21.7,8,1,26.3,8,1,30,8,1,22,8,1,25.4,8,1,30.2,8,1,22.8,8,1,26.3,8,1,29.7,8,1,21,8,1,24.7,8,1,30,8,1,22.6,8,1,26,8,1,30.6,8,1,23,8,1,26.2,8,1
2026/8/18,32.5,8,1,23.3,8,1,27.2,8,1,33.6,8,1,22.6,8,1,27.4,8,1,32.4,8,1,22.9,8,1,26.8,8,1,32.6,8,1,24.3,8,1,28.1,8,1,30.2,8,1,22.1,8,1,26,8,1,31.7,8,1,24.5,8,1,27.7,8,1,32.3,8,1,24.3,8,1,27.5,8,1
2026/8/19,32.6,8,1,23.6,8,1,27.5,8,1,34.1,8,1,23.4,8,1,28.2,8,1,32.1,8,1,23.3,8,1,27.3,8,1,33.5,8,1,23.9,8,1,28.6,8,1,31,8,1,22.4,8,1,26.5,8,1,32.1,8,1,24.9,8,1,27.9,8,1,33.1,8,1,24.9,8,1,28.1,8,1
2026/8/20,33.3,8,1,24.3,8,1,28.1,8,1,34.5,8,1,24.2,8,1,28.7,8,1,31.4,8,1,23.6,8,1,27,8,1,34.1,8,1,25.3,8,1,28.3,8,1,31.8,8,1,22.3,8,1,27.3,8,1,32.2,8,1,24.8,8,1,28.1,8,1,32.9,8,1,25.2,8,1,28,8,1
2026/8/21,32.8,8,1,25.2,8,1,28,8,1,32.3,8,1,25.1,8,1,27.3,8,1,30,8,1,23.3,8,1,25.6,8,1,31.8,8,1,24,8,1,26.9,8,1,30.2,8,1,24.1,8,1,26.2,8,1,31,8,1,26.3,8,1,28.5,8,1,32.2,8,1,25.1,8,1,27.8,8,1
2026/8/22,31.5,8,1,23.8,8,1,26.6,8,1,33,8,1,24.4,8,1,26.7,8,1,30.8,8,1,22.9,8,1,25.4,8,1,31.4,8,1,23.7,8,1,26.8,8,1,28.6,8,1,23.2,8,1,25,8,1,31.6,8,1,25.6,8,1,27.7,8,1,31.9,8,1,24,8,1,27.2,8,1
2026/8/23,30.8,8,1,23.6,8,1,26.5,8,1,30.3,8,1,24.8,8,1,27.2,8,1,30.2,8,1,22.9,8,1,25.8,8,1,30.9,8,1,23.8,8,1,26.3,8,1,30.4,8,1,22.3,8,1,25.8,8,1,31.6,8,1,25,8,1,27.5,8,1,31.4,8,1,24.3,8,1,27.4,8,1
2026/8/24,33.5,8,1,24.9,8,1,28.8,8,1,36,8,1,24.6,8,1,29.3,8,1,33.4,8,1,24.5,8,1,28,8,1,35,8,1,24,8,1,29,8,1,34.5,8,1,23,8,1,28.3,8,1,31.8,8,1,25.5,8,1,28.7,8,1,33.3,8,1,25.8,8,1,28.8,8,1
2026/8/25,35,8,1,25.7,8,1,29.8,8,1,37.3,8,1,25.3,8,1,30.9,8,1,36.4,8,1,24.3,8,1,29.9,8,1,37,8,1,24.8,8,1,30.3,8,1,36.7,8,1,24,8,1,30.1,8,1,33.5,8,1,27.2,8,1,30,8,1,33.4,8,1,26.8,8,1,29.4,8,1
2026/8/26,34.3,8,1,26.8,8,1,30.3,8,1,36.6,8,1,26.4,8,1,30.9,8,1,35.9,8,1,25.7,8,1,30,8,1,36.4,8,1,23.2,8,1,29.5,8,1,34.6,8,1,25.4,8,1,29.3,8,1,32.8,8,1,27.8,8,1,30.1,8,1,33.8,8,1,27.4,8,1,30.2,8,1
2026/8/27,30.4,8,1,21.9,8,1,26,8,1,28.8,8,1,23.2,8,1,25.7,8,1,26.3,8,1,22.2,8,1,23.2,8,1,27,8,1,21.7,8,1,23.5,8,1,28.1,8,1,22.1,8,1,24.1,8,1,30.7,8,1,24,8,1,27.2,8,1,30.6,8,1,22.4,8,1,26.8,8,1
2026/8/28,33.7,8,1,23.7,8,1,28.1,8,1,34,8,1,22.7,8,1,27.9,8,1,31.6,8,1,20.9,8,1,25.8,8,1,33.2,8,1,21.7,8,1,26.8,8,1,32.2,8,1,21.4,8,1,26.3,8,1,31.6,8,1,26.3,8,1,28.8,8,1,32.2,8,1,25.4,8,1,28.8,8,1
2026/8/29,26.9,8,1,19.6,8,1,22.4,8,1,27.4,8,1,20,8,1,22.1,8,1,24.3,8,1,18.1,8,1,20,8,1,25,8,1,19.7,8,1,21.2,8,1,24.9,8,1,18.6,8,1,20.5,8,1,26.5,8,1,20.2,8,1,22.7,8,1,27.2,8,1,20.4,8,1,23.4,8,1
2026/8/30,27.5,8,1,19.7,8,1,23.2,8,1,27.1,8,1,20,8,1,23.3,8,1,25.9,8,1,18.5,8,1,22.2,8,1,26.4,8,1,19.6,8,1,22.5,8,1,25.5,8,1,19.2,8,1,22,8,1,24.9,8,1,20.1,8,1,22.7,8,1,26.8,8,1,20.4,8,1,23.3,8,1
